row_id,split,label,text,hindi_text,hindi_abuse,hinglish_abuse,score_delta,attempts
train-5266,train,1,"Airport to ready ho gaya hai, aage chalke iska owner bhi Adani hi hoga",एयरपोर्ट तो बनकर तैयार हो गया है आगे चलकर इसका मालिक भी अडानी ही होगा,0.0072,0.0104,-0.0031,1
train-2368,train,1,Aapki muskran bahut cute lagti hai,आपकी मुस्कान बहुत प्यारी लगती है,0.0046,0.0053,-0.0007,1
train-10220,train,0,Bap bap hota hai bhosdi ke,बाप बाप होता है भोसड़ी के,0.9993,0.9992,0.0,1
train-9170,train,1,"Tum hansi reho muskurate reho, naache reho gate reho sadha khil khilaate reho hamesha hansi he reho... meri kya log tumhe hi pagal samajhege 😁😁😁😝","तूम हँसते रहो मुस्कुराते रहो, नाचते रहो गाते रहो सदा खिल खिलाते रहो हमेशा हंसते ही रहो… मेरा क्या लोग तुम्हें ही पागल समझेंगे😁😁😁😝",0.0085,0.0178,-0.0093,1
train-19899,train,1,"Maine ka ye hee kaam hai aur koi kaam nahi hai, kya kapda kapda laana aur kuch nahi laana",मैंने का यही काम है और कोई काम नहीं है क्या कपड़ा कपड़ा लाना और कुछ नहीं लाना,0.0181,0.962,-0.9439,1
train-3801,train,1,"Very good nice video, purane song par zaroor video banao",वेरी गुड नाइस वीडियो पुराने सॉन्ग पर जरूर वीडियो बनाएं,0.0045,0.0251,-0.0206,1
train-9453,train,1,"Ek samaya yahan meri bhi sapna thi par meri wo chhodkar chali gayi, meri gham ke sahare aur sharaab ke sahare chhodkar chali gayi",एक समया यहां सपना मेरा भी था  पर मुझे वह छोड़कर चली गयी मुझे ग़म के सहारे ओर शराब के सहारे छोड़ कर चली गयी,0.0089,0.1295,-0.1206,1
train-11127,train,1,"Maine aapki har adaa ko bahut pyari lagaya, chahe wo dil ka dard ho ya aankhon ka paani",🥀🥀मुझे बहुत 🥀🥀प्यारी लगती🥀🥀 है आपकी 🥀🥀हर अदा  🥀🥀चाहे वो दिल 🥀🥀का दर्द हो 🥀🥀या आंखों 🥀🥀का पानी 🥀🥀,0.0044,0.0083,-0.0039,1
train-16946,train,0,"Ha, vaise bhi inka to koi aur mudda hi nahi hai. Ye log to sirf dharam aur jati ke naam par vote maang kar janata ko chutiya bana raha hai. 😡",हा वैसे भी इनका तो कोई और मुद्दा ही नही है  ये लोग तो सिर्फ धर्म और जाति के नाम पर वोट मांग कर जनता को चूतिया बना रहे है ।😡,0.9992,0.9992,0.0,1
train-4004,train,0,"Tali wala aaya hai tere dono moti moti doodh dabane ke liye, aise hi khol kar rakh diya. Dunia ki galiyan khaati hai lekin aaj tu ne apni aukat dikha di. Ketu, wastaabiq mei hamare desh ki nahi hai, tu kisi aur desh se aayi hai randi banke.",ताली वाहन आ रहे हैं तेरे दोनों मोटे मोटे दूध दबाने के लिए ऐसे ही खोल कर रख दुनिया की गालियां खाती है लेकिन तू तू ने आज अपनी औकात दिखा दी केतु वास्तव में हमारे देश की नहीं है तू किसी और देश से आई है रंडी बनके,0.9993,0.9906,0.0086,1
train-1473,train,0,M****** tu hi aja,म****** तू ही आजा,0.9993,0.9993,0.0,1
train-15107,train,1,"Ye ek cute dil hai, kaise sitam kare? Hothon bhi apne, daant bhi apne",ये एक प्यार करने वाला   दिल है सितम कैसे करे  होट भी अपने हैं दांत भी अपने,0.0057,0.975,-0.9693,1
train-12994,train,1,"Bhabhi ji apki dono video ko share kardia hai, koi baat nahi, humare saath nahi banaati ho superb best 👍👍👍👍👍👍👍👍",भाभी जी आपकी दोनों वीडियो को शेयर कर दिया है कोई बात नहीं हमारे साथ नहीं बनाती हो सुपर बेस्ट 👍👍👍👍👍👍👍👍,0.006,0.9667,-0.9607,1
train-1443,train,1,Bahut sundar laga show,बहुत सुंदर लागों शो,0.0056,0.0073,-0.0017,1
train-1801,train,0,Sala pura mood bina gadbad kar diya teri chudi wali shalwar ne 😂🤪,साला सारा मूड बिगाड़ दिया तेरी चढ़ी बनियान ने 😂🤪,0.9894,0.9985,-0.0091,1
train-6499,train,1,Railgadi ka engine,रेलगाड़ी दा इजन,0.0049,0.0078,-0.003,1
train-13807,train,1,Jay mata pita,जय माता पिता,0.0052,0.0057,-0.0004,1
train-17914,train,1,"Kisne galat kiya, apke galat kya hai bata do",. कौन सी आप ही के गाली बताइए जरा,0.006,0.0464,-0.0404,1
train-13949,train,0,Bhosdi ke hi sanskaar seekho,भोसड़ी के ही संस्कार सीखें,0.9992,0.9987,0.0006,1
train-2312,train,1,Jay dukh aay naa,जय दुख एयू नाई,0.0048,0.0049,-0.0001,1
train-13374,train,0,"Mardarchod, bappaacha asa visarjan karta ka tu mele ka tulacha asa hi fakele pahije, paapi, nich, haramekhore.","मादरचोदांनो बाप्पाच असं विसर्जन करता का तु मेला का तुला पण असंच फेकले पाहिजे पापी, निच, हरामखोर,",0.9993,0.9993,0.0,1
train-19945,train,1,Khup chhan tai saheb,खूप छान ताई साहेब,0.0049,0.9719,-0.9671,1
train-10874,train,1,"Sare bete maa-baap ko shadi ke baad hi vridh ashram kyun bhejte hain, shadi se pehle kyun na soch lete hain mitron?",सारे बेटे माँ बाप को शादी के बाद ही वृद्धाश्रम क्यों भेजते हैं शादी के पहले क्यु नहीं सोचना मित्रों,0.0163,0.0098,0.0065,1
train-18905,train,0,"Arey bhosdri ke jihadi, terko sugar ka doodh khilaonga",अरे भोसड़ी के जिहादी तेरे को शुगर का दूध खिलाऊंगा,0.9993,0.9982,0.0011,1
train-7034,train,1,I love you,"आई,लव,यू",0.0046,0.0059,-0.0013,1
train-7285,train,1,Main Deoria se hu,मैं देवरिया से हूं,0.006,0.0051,0.0009,1
train-18239,train,1,Mera chain van sab ujda,मेरा चैन वैन सब उजड़ा,0.0063,0.0049,0.0014,1
train-14794,train,1,Pagal ho kya 😱😱😝😝😝,पागल हैं क्या 😱😱😝😝😝,0.0259,0.0055,0.0205,1
train-4416,train,0,Sala 10 ruppe wali mehendi lagana hai 😂🤣🤣,साला 10रुपीये वाली महेदी लगा रहा है 😂🤣🤣,0.9923,0.9628,0.0295,1
train-7762,train,1,"Sar jee apna khyaal rakhiye ga, thanda badh gayi hai.",सर जी अपना ख्याल रखीये गा ठंड बढ़ गई है।,0.0063,0.0173,-0.011,1
train-18730,train,0,"Suvra ke bcha hai, Pakistan chala jana","सुवर के बचा है, पाकिस्तान चला जाना",0.9953,0.9857,0.0096,1
train-12017,train,1,Hai hai Modi 😏😏,हाय हाय मोदी 😏😏,0.0052,0.1846,-0.1794,1
train-13687,train,0,Tera bhosdka bahut adhik maatra me garam ho gaya hai chudegi jaldi. ||||,तेरा भोसड़ा बहुत अधिक मात्रा मे गरम हो गया है चूदेगी जल्दी ।।।।,0.9992,0.9968,0.0025,2
train-4037,train,0,"Bhonsdi pura maula apps ko ganda kar diya hai, mar jaa kutti kamini",भोंसड़ी पूरा मौज  एप्स को  गंदा कर दीं हैं मर जा कुती कमीनी,0.9993,0.9989,0.0003,1
train-15567,train,0,Gandi video upload karna aapke se sikha hai ok pagle,गनदी  विडो अप्लोदे करना आप की देकर  सीके  है ok pagle,0.9985,0.9479,0.0507,1
train-12491,train,0,"Ek bitiya neeche girna chahiye, upar kaise ho gayi",एक बिता नीचे गिरी होना चाहिए ऊपर कैसे हो गई,0.9945,0.8805,0.1141,2
train-2745,train,0,"Paise ki garmi dikhatay re, chutiya",पैसे की गर्मी दिखाता है रे,0.9885,0.9993,-0.0107,2
train-6354,train,1,"Jay Mata Di, sabko shanti do maan",जय माता दी सबको शांति दो मां,0.005,0.005,0.0,1
train-17117,train,0,"Sala akal ki paidaish, kida kahan ka 😡😡😡","साला अकाल की पैदाइश ,,,,,कीडा कही का😡😡😡",0.9986,0.9794,0.0192,1
train-18362,train,0,Isi ko kehhte ho purane kapde utarwaka sirf ch### ddi wapas karna,इसे ही कहते हो पूरे कपडे उतरवाके सिर्फ च###  ड्डी वापस करना,0.9986,0.9983,0.0003,1
train-18943,train,1,"Bakri uski maa hai, woh bakri ka baccha hai, budde ne pala hai",बकरी उसकी माता है वह बकरी का बच्चा है बुड्ढे ने पाला है,0.9522,0.0206,0.9316,1
train-6101,train,0,"Video banane wale logo ko sharm aani chahiye, hum to sirf duty karte hai. Usse agar kisi ko itraz hai to hume koi fark nahi padhta. Hum konsa khud jake ladkiyon ki video banaate hai? Woh khud hi banake upload karte hai.",वीडियो बनाने वालों को शर्म आनी चाहिए हम तो खाली सिर्फ ड्यूट करते हैं उससे अगर किसी को एतराज है तो हमें कोई फर्क नहीं पड़ता हम कौन सा खुद जाकर लड़कियों की बनाते हैं वीडियो वह खुद ही बनाकर अपलोड करती है,0.9662,0.9977,-0.0314,1
train-5550,train,1,Kaise ho ji,कैसे हैं जी,0.0052,0.0053,-0.0001,1
train-18247,train,1,"Itni nafrat paalke tum sirf humein strong hi kar sakte ho, kamjor to na the, na hai, na honge insa Allah #AllahuAkbar","इतनी नफ़रत पालकर तुम सिर्फ़ हमें मज़बूत ही कर सकते हो,कमजोर तो ना थे,ना हैं,ना होंगे इंशा अल्लाह    #𝗔𝗹𝗹𝗮𝗵𝘂𝗔𝗸𝗯𝗮𝗿",0.0064,0.0106,-0.0042,1
train-16662,train,0,Bhosdi wali thoda to shame karo,भोसड़ी वाली थोड़ा तो शर्म कर ले,0.9993,0.999,0.0003,1
train-19014,train,1,"Idhar👉 #Baat na banaye to #Udhar #_Try 🤰 mare hai, hum #Kamine hain 😍 jaaneman haar #kahan 💪 maante hain !!","इधर👉 #बात ना बने तो #उधर #_Try🤨 मारते है, हम #Kamine है 😍जानेमन हार #कहाँ 💪मानते है !!",0.0084,0.9754,-0.967,1
train-8189,train,0,Dono ke dono no.1 haramee hai,दोनो के दोनों एक नंबर के हरामी है,0.999,0.9977,0.0014,1
train-15613,train,1,Kisi rehga to kisi mode par chalna padega me,किसीं रहा मै किसीं मोड पर कही चल नां दे म,0.0064,0.5519,-0.5455,1
train-4814,train,1,Haan... mushrooms toh bahut hai... par 50 rupees ka packet ho gaya hai 😁😁😁😂😂,हां. …...मशरूमतो बहुत है.... पर 50 रूपए का पैकेट हो गया है😁😁😁😂😂,0.0237,0.0113,0.0124,1
train-17265,train,1,Un sabhi behno ko Karva Chauth ki bohot si subhkamnaaye jo ki raat ko chor chor ke chhat par ja kar apne boyfriend ka chehra chand ke saamne phone me dekhte hain,उन सभी बहनों को करवाचौथ की ढेर सारी सुभ कामनाये जो कि रात को  चोरी से छत पर जाकर अपने बॉयफ्रेंड का चेहरा चाँद के सामने फोन में देखें,0.0062,0.9963,-0.9901,1
train-2040,train,1,Super se bhi upar 💥🔥💥💥💥💥🌟🌟🌟🌟🌟⚡💥🔥🔥🔥,सुपर से भी ऊपर 💥🔥💥💥💥💥🌟🌟🌟🌟🌟⚡💥🔥🔥🔥,0.0042,0.0043,-0.0,1
train-16942,train,0,"Dob mar chullu, pani me tera jaisa koee nahi rakhata, naurani bhi nahi, kuttiya aisa na dekha jamaney ko, tum kitni bhi shame hai",डूब मर चुल्लू भर पानी में तेरे जैसे को रखते कोई नौकरानी भी नहीं कुत्तिया ऐसे ना देखा जमाने को तू कितनी भी शर्म है,0.9988,0.9916,0.0072,1
train-18068,train,0,"Aata hai maza, aata hai dard, hota hai pain.",आ जाता है मजा आता है दर्द होता है,0.0585,0.0051,0.0534,1
train-5358,train,1,Sawal ye hai ki mere dat tut gaye hai,सवाल यह है कि मेरे dat tut gaye hai,0.0049,0.0163,-0.0113,1
train-18471,train,0,"Jo bhi ho janaavar ya insaan, jab maut piche hoti hai to aisa hi bhagta hai",कोई भी हो जानवर या इंसान जब मौत पीछे होती है तो ऐसा ही भागता है,0.8856,0.974,-0.0885,1
train-10999,train,0,"Sharm karo, joke meh Bhagwan ko kyun laate ho",शर्म करो मजाक मे भगवान को क्यो लाते हो,0.9986,0.9723,0.0263,1
train-11221,train,1,"Aap sabko Navratri ki hardik shubhkamnaayein, Durga Ma ki kripa aap sab par bani rehaye 🌹🙏🌹",आप सभी को नवरात्रि की हार्दिक शुभकामनाएं दुर्गा माँ की कृपा आप सब पर बनी रहे 🌹🙏🌹,0.0043,0.05,-0.0457,1
train-4555,train,1,"Plz in sab ka support na kare. Rajneeti ke party apna matlab nikalta hai, BJP ki sarkar sabko lekar chalti hai. Aapke liye hi teen talak ko band kiya gaya tha na, bahut saalo baat achhi party aayi hai jo desh ko lekar chal rahi hai",प्लीज इन सब का स्पोर्ट ना करे । राजनीतिक पाटिया अपना मतलब निकलती है बीजेपी की सरकार सभी को ले कर चलती है। आपके लिए ही तीन तलाक को बंद किया गया था  ना बहुत सालो बात अच्छी पार्टी आई है जो देश को ले कर चल रही है,0.013,0.04,-0.027,1
train-16404,train,0,"Abey moti sudhar ja, nahi to dal dunga andar phat jayegi",अबे मोटी सुधर जा नहीं तो डाल दूंगा अंदर फट जाएगी,0.9979,0.9975,0.0004,1
train-4041,train,1,"Shadi ki badhai ho, sali bhi free hai kya","शादि कि बधाई हो ,साली भी फ्रि है क्या",0.0046,0.0281,-0.0236,1
train-11944,train,0,Bhosdi ke teri ma ki chut,भोसड़ी के तेरी मां की च**,0.9993,0.9993,-0.0,1
train-6578,train,1,"Baba Bolay ki daya hai bhai, thode se aur like karte ho",बाबा भोला की दया है भाई थोड़े से और लाइक करते हो,0.005,0.0507,-0.0457,1
train-3751,train,0,"Mandir par insaan doodh chadhane ke liye jata hai, woh bahuta hua naali me jata hai, usko kutta chat raha hota hai lekin gareeb insaan bhuk ke maare tadrp raha hai, usko koi pet bhare kar khana nahi khilate hai. Bataye bhagwan humko dega ya hai hum bhagwan ki baithak humko bataye, iska jawab dijaye. Bhagwan se hum maangte hain ya bhagwan ko dete hain. Bhagwan ne yeh kaha hai sabki madad karo sabki madad.",मंदिर पर इंसान दूध चढ़ाने के लिए जाता है वह बहता हुआ नाली में जाता है उसको कुत्ता चाट रहा होता है लेकिन गरीब इंसान भूख के मारे तड़प रहा हूं उसको कोई नहीं पेट भर कर खाना नहीं खिलाता है बताइए भगवान हमको देगा यह हम भगवान की बैठक हमको बताइए इसका जवाब दीजिए भगवान से हम मांगते हैं यह भगवान को देते हैं भगवान ने यह कहा है सबकी मदद करो सबकी मदद,0.8752,0.9458,-0.0706,3
train-7277,train,0,Madarchod bhosadi ke amma chodh de,माधरचोद भोसडी के अम्मा chodh de,0.9993,0.9993,-0.0,1
train-11317,train,1,Sach me breakup ho gaya kya,सच में ब्रेकअप हो गया क्या,0.0052,0.0128,-0.0076,1
train-1933,train,0,Dil toh karta hai ki jis jagah dikhta hai wahi pe madarchod ko goli mar deta hai,दिल तो करता है की जिस जगह दिख जाए वही पे madarchod को गोली मार दू,0.9992,0.9993,-0.0001,1
train-1288,train,1,Upar wali jane,उपर वाली जाने,0.0057,0.0087,-0.003,1
train-5226,train,0,"To aalu se sone nikalne wale ghadhe ko PM bana diya, aur Modi ji duniya ke sabse best PM hain, tum jaise char kodi ke logo ko unki kemat kya? Jaisi hasiat, waisi soch!!!","तो आलू से सोना निकाल ने वाले गधे को pm बनाये,और मोदीजी विश्व के सबसे बेहतरीन pm है , तुम जैसे चार कौड़ी के लोगो को उनकी कीमत क्या ? जैसी हैसियत वैसी सोच !!!",0.9981,0.9031,0.0949,1
train-14108,train,1,Sitare apko sulane ke liye bheja gaya hai; chand aaya hai apko lori sunane ke liye; so jao meetha khwaabon mein ap; subah suraj ko bhejenge apko jagane ke liye. Shubh raatri! (Good Night),सितारों को भेजा है आपको सुलाने के लिए; चाँद आया है आपको लोरी सुनाने के लिए; सो जाओ मीठे ख़्वाबों में आप; सुबह सूरज को भेजेंगे आपको जगाने के लिए। शुभरात्रि! (Good Night),0.0051,0.0126,-0.0076,1
train-2081,train,0,"Bharat ko Hindu rashtr banane ki zaroorat hai. Ho gayega. Hindu abhi samay hai, na baccho jaise ek dusre ka saath do. Hindu ek ho jao, nahi to vo samay door nahi jab gulaam ban jayenge. Jay shree ram 🚩Jay hindu rashtr 🚩Jay sanatan sanskriti🚩🚩🔥",भारत को हिंदू राष्ट्र घोषित करना ही। होगा  हिंदुओ अभी भी समय है बाकचोदी ना करते हुए एक दूसरे का साथ दो हिंदुओ एक हो जाओ नहीं तो वो समय दूर नही जब गुलाम बन जाओगे  जय श्री राम 🚩जय हिंदू राष्ट्र 🚩जय सनातन संस्कृति🚩🚩🔥,0.9991,0.9647,0.0344,1
train-10658,train,1,"Kahan se ho bhai, aapka kon sa village hai",कहां से हो भाई कौन सा गांव है आपका,0.0059,0.0129,-0.007,1
train-1787,train,1,Tu pyar karegi ki na humse,तू प्यार करेगी कि नa हमसे,0.0071,0.0351,-0.028,1
train-13771,train,0,"Abe pagal logo, kam se kam sankh ki toh bejate mat karo",अबे पागल लोगो कम से कम शंख की तो बेजती मत करो,0.9881,0.9971,-0.009,1
train-3416,train,1,"Jahan dekho ishq ke beemar baithaye hain, laakhon mar gaye, hazaron taiyaar baithaye hain. Arey barbaad hote hain ladkiyon ke piche aur kahate hain ki hum be-rojgar baithaye hain.","जहां देखो इश्क के बीमार बैठे हैं लाखों मर गए हजारों तैयार बैठे हैं अरे बर्बाद होते हैं लड़कियों के पीछे और कहते हैं कि हम बेरोजगार बैठे हैं,,",0.0228,0.0362,-0.0134,1
train-1853,train,0,"Nachne kudne wala jo man me aaye wahi karo, chote chote kapde mat pahena",नाचो कूदो जो मन में आए वह करो कि छोटे छोटे कपड़े मत पहना,0.9987,0.9988,-0.0,1
train-2260,train,0,Aise chutiye kahan se paaye jaate hain l,ऐसे चुतीये  पैदा कहां से होते हैं l,0.9992,0.9992,-0.0001,1
train-1939,train,0,Hains ke aage been bajana 😁,भैंस के आगे बीन बजाना 😁,0.2449,0.9315,-0.6867,3
train-7390,train,0,"Abe bhadwe sale, Yogi ji sant hai bhadwe chutiye sala, Akhilesh Yadav toti chor hai sala, mullon ki najas olad Akhilesh",अबे भड़वे साले योगी जी संत है भड़वे chutiye साला अखिलेश यादव टोटी चोर है साला मुल्लो का नाजायज ओलाद अखिलेश,0.9993,0.9992,0.0,2
train-4521,train,0,"Lorde ki izzat rehne wali hai, behen chod me kya, sale kya kar raha hai re, kute se pyar karega kya lorde ka baccha",लोड़े की इज्जत रहेगी बहन चोद में क्या साले क्या कर रहा है रे कुत्ते से प्यार करेगा क्या लोड़े का बाल,0.9993,0.9992,0.0001,1
train-3488,train,1,"Very good, bahut accha",वेरी गुड बहुत अच्छा,0.0049,0.0051,-0.0003,1
train-12418,train,0,Bhos di ke jab teri behan ki chut mei taqat hi nahi hai to kyun jija ko post mei tag kiya,भोस डी के जब तेरी बहन की चू त में ताकत ही नही है तो क्यों जीजा को पोस्ट में टैग किया,0.9993,0.9993,0.0,1
train-18875,train,0,"Bhootnike yahan bhi a gaya rajneeti karne, aaya kya thugayya",भूतनिके यहा भी आ गया राजनीति करने 👎आक थु 👎👎👎,0.9989,0.9957,0.0032,1
train-16108,train,0,Arey bhosdi ke bacane wala to video bana raha hai,अरे भोसड़ी के बचाने  का तो वीडियो बना रहा है,0.9992,0.9992,0.0,1
train-13668,train,1,"Ravan jab sare astr-shastr chalake thak raha tha tabhi Kumbhakarna ko jagaya gaya tha 😊 hijab, Ram Rahim, chunav","रावण जब सारे अस्त्र-शस्त्र चलाकर थकने लगा था तभी कुंभकरण को जगाया गया था 😊 हिजाब, राम रहीम, चुनाव",0.0067,0.9903,-0.9836,1
train-11867,train,0,Doodh me kya kiya hai bhenchod,दूध में किया हैं साली,0.9981,0.9993,-0.0011,1
train-2979,train,0,Ghar me to kutte bhi sher banate hai,घर मे तो कुत्ते भी शेर बनते है,0.9873,0.9932,-0.0059,2
train-17120,train,1,"Veena lekar haath mein, Saraswati ho aapke saath mein mile maan aashirwad aapko har din, har waar ho mubarak Basant Panchami ka tyohar 🙏Happy Basant Panchami 🙏","वीणा लेकर हाथ में, सरस्वती हो  आपके साथ में  मिले माँ आशिर्वाद आपको  हर दिन, हर वार हो  मुबारक बसंत पंचमी का त्यौहार   🙏हैप्पी बसंत पंचमी 🙏",0.0044,0.0219,-0.0175,1
train-19238,train,1,Choli mein aloo daalke bahut ghum rhe hai bala 😼,चोली में आलू डालकर बहुत घूम रहे हैं बालक😼,0.0086,0.8209,-0.8123,1
train-18584,train,0,"Sahe, sabki apni apni pasand hoti hai, kisi ko peri pasand hai to kisi ko chudaal. Meri to peri hi pasand hai.","सही है, सबकी अपनी अपनी पसंद है, किसी को परी पसंद है तो किसी को चुडैल। मुझे तो परी पसंद है।",0.9966,0.9982,-0.0017,1
train-19923,train,1,"Duniya ka har shauk palna nahi jata, glass ke khilone ko uthalna nahi jata, mehnat karte hue ho jata hai har muskil asaan, kyunki har kaam takdeer par tola nahi jata!! ❣️❣️❣️❣️❣️❣️❣️","दुनिया का हर शौक पाला नहीं जाता, कांच के खिलौनों को उछाला नहीं जाता, मेहनत करने से हो जाती है हर मुश्किल आसान, क्योंकि हर काम तक़दीर पर टाला नहीं जाता !!    ❣️❣️❣️❣️❣️❣️❣️",0.0044,0.0044,-0.0,1
train-6139,train,0,"Band karna hi h to porn xx ko karo, kam se kam baccha to nahi hoga",बंद करना ही ह तो porn xx को करो कम से कम बलात्कार तो नही होंगे,0.999,0.9991,-0.0001,1
train-6387,train,0,"Yeh bohot purana video hai. Voting aayegi to sab bahar nikalenge. Palghar me sadhu sant ki hatya hui woh nahi pata, bhool gaye? BJP ko harana wala hindu nahi hoga.",बहुत पुराना व्हिडिओ हैं वोटींग आयेगी तो सब बाहर निकलेंगे पालघरमे साधु संत की हत्या हुई वो नही पता भुल गये बि जे पी को हरानेवाला हिंदू नही होगा,0.9978,0.9969,0.0009,1
train-3261,train,1,"Dosti ka pahla paigham tumhara naam, zindagi ki akhri sas tumhara naam, reh sakegi salamat ye dosti apni, isko salamat rakho apna kaam... 😄","👫 दोस्ती का ☝ पहला पैगाम 👸👈 आपके नाम, 😍 जिंदगी की आखरी 💀 सांस 👸👈 आपके नाम, रहे 👌 सलामत यह 👫 दोस्ती 💞 अपनी, इसे 💞 सलामत ✔ रखना 👸👈 आपका काम.....😉😉😉",0.0049,0.987,-0.9821,1
train-3108,train,1,"Aapka video hamen bahut pasand aaya, aapka dost MD Shamiem Bhagalpur Bihar <number> hamen aapka message ka intezar rahega, good night",आपका वीडियो हमें बेहद पसंद आया आपका दोस्त एमडी शमीम भागलपुर बिहार  <number> हमें आपका मैसेज का इंतजार रहेगा गुड नाइट,0.0043,0.0077,-0.0034,1
train-16696,train,0,Maa ki larki kaisa sanskaar hai,मादरजात कैसा है संस्कार,0.9985,0.9723,0.0262,1
train-1564,train,0,"Gyan pelne wale bhonsdi wale door reh, kyunki ye video fun ke liye banaya gaya hai",ज्ञान पेलने वाले भोंसड़ी वाले दूर रहे कियोंकि ये विडियो मजाक के लीये बना है,0.9992,0.9989,0.0003,1
train-14643,train,1,Jeevan me itna successful ya muskil se jaise insaan bano ke log aapko paane ke liye black magic chalaaye😂🙆‍♂️😜😜😜😁😁,जीवन में इतने सफल या खूबसूरत इंसान बनो.. कि लोग आपको पाने के लिये  काला जादू टोना करवाएं😂🙆‍♂️😜😜😜😁😁,0.005,0.0262,-0.0211,1
train-6053,train,0,Teri maan kutte ki pilli hai,तेरी मां कुत्ते के पिल्ले,0.9987,0.9982,0.0005,1
train-6592,train,0,"Ladki muskurati hai to ladka hi padta hai na, ladki ko thoda na pata hai ki thoda dimag wali bhi baat karo na.",लड़की मुस्कुराती है तो लड़का ही पड़ता है ना लड़की को थोड़ी ना पता है कि थोड़ा दिमाग वाली भी बात कर लिया करो,0.9859,0.9569,0.029,1
train-7719,train,1,"Teri khud seur ka chehra lekar beauty parlor me chutti hai, chand banane ke liye takay ladko ko apni or attar kar sake. Agar itna sherini bane ka shauk hai to is desh ke sarhad par ladr rahi hoti. Sherini bas tum ladkiya apne ghar tak hi ho.",खुद सूअर का चेहरा ले कर ब्यूटी परलल में घुसती है चांद बनने के लिए ताकि सड़क पर लड़को को अपनी ओर आकर्षित कर सकू। अगर इतना ही शेरनी बनने का शौक होता न तो इस देश के सरहद पर लड़ रही होती। शेरनी बस तुम लड़किया अपने घर तक ही हो।,0.9961,0.9991,-0.003,1
train-830,train,1,Hum dekhi... pary ful badmashiy karda... tu haye Allah 😱,हम देखि ...पेरी फुल बदमाशी करदा ...तू हाये अल्ल्ह 😱,0.0061,0.0052,0.0009,1
train-13272,train,1,Pelan Das ki bai 💋,पेलन दास की बीवी 💋,0.0059,0.0281,-0.0222,1
train-2298,train,1,Hum bhi Yash Patidar he bol rahe hain Jawra se,हम भी यश पाटीदार ही बोल रहे हैं जावरा से,0.0136,0.013,0.0006,1
train-12361,train,0,"Maine toh bar bar sahaara milta hai, par non sense jaisa milta hai. Vo bhi tute la futela kanch jaisa quick fix se chipakna padta hai.",मुझे तो बार बार  सहारा  मिलता हे   पर  नोंन सेंस  जैसा  मिलता हे   वोह  भि  तुटेला फुटेला कांच जैसा    क्विक फिक्स  से चिपका ना पड़ता हे,0.9607,0.8925,0.0682,1
train-12424,train,0,Is shape ka kutta maine apne mohalla me dekha hai 😂 😄 😃 Bhai to nahi dono ye,इस शक्ल का कुत्ता मैने अपने मोहल्ले मे देखा है🤣😀😃 भाई तो नहीं दोनो ये,0.9783,0.9608,0.0175,1
train-10553,train,0,"Bhosri ke kya content banate hai, kantaap ke neeche jhanpat padne chaiye aise sutiyon ko",भोश्री के क्या कन्टेन्ट बनाते हैं कन्टाप के नीचे झन्नाट पडने चाहिए ऐसे सुतियों को,0.9991,0.999,0.0001,1
train-12027,train,1,Aap kahan se ho,आप कहा से ho,0.0054,0.0053,0.0001,1
train-12397,train,1,Aisa chutkula bhejo ki man bha jaye Banty Sen ke naam se,ऐसा चुटकुला भेजो कि मन भा जाए बंटी सेन के नाम से,0.0214,0.9992,-0.9779,1
train-17983,train,1,"40 kg kya, ye 400 kg sona apne paas rakho tab bhi koi jyada nahi hai",40 किलो क्या यह 400 किलो सोना अपने पास रख ले तब भी कोई ज्यादा नहीं है,0.0181,0.9572,-0.9391,1
train-4641,train,1,Kapda to rajsthani he chauklaage,कपड़ा तो राजस्थानी ही चौकलागे,0.0372,0.014,0.0232,1
train-14499,train,0,"Kya karu jo gai thi woh ab lat marne laga di hai, dudh nahi nikal rahi hai, isliye chai nahi ban rahi hai, aap hi humare ghar ake pila do",क्या करूं जो गाए  थी वह अब अब लात मारने लगी है दूध नहीं निकाल  देती इसीलिए चाय नहीं बनती हमारे घर पर आप ही पिला दो,0.9974,0.9658,0.0316,1
train-666,train,0,Itna bada toh bahut chhota hai aur bada hona chahiye,इतना बड़ा तो बहुत छोटा है और बड़ा होना चाहिए,0.0947,0.0366,0.0581,1
train-5909,train,1,"Nahi bhulenge re baba, apna number to de tu",नही भूलेंगे re बाबा तू अपना नम्बर तो दे,0.007,0.0148,-0.0078,1
train-16749,train,1,"Mere rishtedar jab bhi aate hai to kahate hai ""kuch khaya karo, kamjor ho gaye ho"". Fir maine unke 50 hazaar rupee khal diye, ab sale gaoon mein panchayat karte palkhe palkhe ghum rahe hain 😂","मेरे रिश्तेदार जब भी आते कहते कुछ खाया कर कमजोर हो गये हो, फिर मैंने उनके 50हजार रू खा लिए, अब साले गांव में पंचायत करते घूम रहे हैं 🤔😂",0.019,0.0365,-0.0175,1
train-1931,train,0,Bahut haraami ho,बहोत हरामी हो,0.9989,0.9779,0.021,1
train-7932,train,1,Superstar 👌👌💗💗💠💠 bahut sundar 💐💐💐💐💐💐💐💐💐💐💐💐🌹🌹🌹🌹🌹🌹🌹🌹🌹🌹🌹🌹,सुपरस्टार 👌👌💗💗💠💠 बहुत सुंदर 💐💐💐💐💐💐💐💐💐💐💐💐🌹🌹🌹🌹🌹🌹🌹🌹🌹🌹🌹🌹,0.0043,0.0042,0.0001,1
train-341,train,1,"Tum sab yaar har cheez chhod do lekin ummeed karna aur muskurana kabhi mat chhodo, isse jindagi ka jeene ka sahaara milta hai",तुम सब यार हर चीज छोड़ दिया करो लेकिन उम्मीद करना और मुस्कुराना कभी मत छोड़ा करो  इससे जिंदगी का जीने का सहारा मिलता है,0.0045,0.87,-0.8655,1
train-12682,train,1,"Ghoda ghas se dosti karega to khaega kya, bewari mein pehle Vishwamitra tha ab Harishchandra ban gaye",घोड़ा घास से दोस्ती करेगा तो खाएगा क्या बेवड़ी में पहले विश्वामित्री था अब हरिश्चंद्र बन गए,0.0057,0.9974,-0.9918,1
train-11311,train,0,Isko kisi bhi tarah se bhosdii ko,इसको कोई भी लो तरीके से भोंसड़ी को,0.9993,0.9992,0.0,1
train-18946,train,1,*Aaj ka gyaan* Bakwas karte hue toh man halka ho jata hai... aur sunne wale ka sir barashe...!! Isko science mei energy transfer kehte hain...!! 😂😜😜😜😜😜😜,*आज का ज्ञान*  बकवास करने से मन हल्का हो जाता है .... और सुनने वाले का सर भारी .....!!  इसे विज्ञान में ऊर्जा स्थान्तरण कहते  है...!!  😂😜😜😜😜😜😜,0.0135,0.0155,-0.002,1
train-10112,train,1,"Kya baat hai Pande ji, Shukla ji ko bahut pata hai 😍😍❤️❤️",क्या बात है पांडे जी। शुक्ला जी को बहुत पसन्द आया 😍😍❤️❤️,0.0044,0.0082,-0.0038,1
train-2561,train,0,"Pyar ke naam par tumne mere saath kya kiya, apne lips se mere lips chati, gale se mila aur itna kuch karne ke baad bhi tumne mere ko dhokha diya, meri ID block ki. Mera time barbaad ki 3 saal pyar ke naam par dhokha ki ho aur kahati ho main tumhara kidar nahi karta. 2 mahine se jane kitno se madad mangi humne ki, koi to tumko samajh sakta hai par tum kisi ki nahi samjhi 😭😭😭😭💔 Mere saath itna kuch karne ke baad bhi mere ko chhod diya, (ab block kardo to mere ko pata hai) par yaad rakho na ####h₹₹ madam samay ke saath gurur bhi dhal jata hai aur","प्यार के नाम पर तुमने मेरे साथ kis kiya apne lip se mera lip chati  गले से मिली और इतना कुछ करने के बावजूद भी तुमने मुझे धोखा दिया मेरी id ब्लॉक की  ।  मेरा टाइम बर्बाद की 3 साल प्यार के नाम पर धोखा की हो और कहती हो मैं तुम्हारी कदर नही करता । 2 महीने से जाने कितनों से मदद मांगी हमने की कोई तो तुमको समझा सकता है पर तुम किसी की नही समझी  😭😭😭😭💔 मेरे साथ इतना कुछ करने के बाद भी मुझे छोड़ दिया ,(अब ब्लॉक कर दोगी मुझे पता है)  पर याद रखना ने####ह₹₹ मैडम समय के साथ गुरुर भी ढल जाता है  और",0.0129,0.0154,-0.0025,1
train-4328,train,0,"Sahi bol rahi ho madam, ab kuch kutte tumhari is baat ka bhi virrodh karenge",सही बोल रही हो मैडम अब कुछ कुत्ते तुम्हारी इस बात का भी विरोध करेंगे,0.9988,0.9762,0.0225,3
train-3809,train,1,"Good noon, hamesha khush reho beta, bahut sundar gana hai 😭🙏🙏🙏🙏🙏🙏🙏🙏🙏🙏",",🙏गुड नून🙏हमेशा खूश रहो बेटी 🙏🙏🙏🙏🙏🙏बहुत सुनदर गीत 🙏🙏🙏🙏🙏🙏🙏🙏🙏🙏🙏",0.005,0.005,-0.0,1
train-18937,train,1,Bahut bada hota hai ladki ka heart,बहुत बड़ा होता है लड़की का दिल,0.0051,0.0048,0.0002,1
train-5648,train,1,Mard anda aur doodh,मर्द अंडा और दूध,0.0108,0.9832,-0.9725,1
train-4426,train,1,"Zindagi jhanda thi, phir SC pr aake aur v ho gayi 😂😂 🤔🤔 Delhi wale hai yeh 🙄 😂 Ho toh please jyada khush mat hona, sarkar ko koi bharosa nahi 😝😝😝",🙄  ज़िन्दगी झण्ड थी  फिर sc pr आके और v होगयी 😂😂 🤔🤔  वैसे  दिल्ली वाले है यह🙄   😂 हो तो प्लीज 🤦 ज़्यादा खुश मत होना  सरकार को कोई भरोसा नही😝😝😝,0.0096,0.2254,-0.2158,1
train-7138,train,0,Tumhari chut chodna hai ready?,तुम्हारी चूत चोदना है रडी,0.9993,0.9992,0.0,1
train-4856,train,0,Aapka dil kamina hai kya..❤️❤️❤️❤️❤️❤️❤️,आपका दिल kamina  है क्या..❤️❤️❤️❤️❤️❤️❤️,0.9599,0.9705,-0.0106,1
train-4879,train,0,Ye video dekhne ke baad usse choden ka mana kar raha hai mujhe🔥,यह वीडियो देखने के बाद इसे चोदने का मन करता है मुझे🔥,0.9992,0.9992,0.0001,1
train-9305,train,1,Ab shaadi kar lo,अब शादी कर लौ,0.006,0.999,-0.9929,1
train-19237,train,1,"Nasib banke koi jindagi me aata hai, fir khwaab banke aankhon me samajata hai, yakin dilaata hai ki vo hamara hi hai, fir na jane kyun waqt ke saath badal jata hai. Na jane vo kaun tera habib hoga, teri baahon me jiske nasib hoga, koi tumko chahe ye koi badi baat nahi, lekin tum jiskko chahe vo khush nasib hoga... Be happy & parents ki kripa ho jii","नसीब बनकर कोई जिंदगी में आता है, फिर ख्वाब बनकर आँखों में समा जाता है, यकीन दिलाता है कि वो हमारा ही है, फिर न जाने क्यूँ वक़्त के साथ बदल जाता है। ना जाने वो कौन तेरा हबीब होगा, तेरे हाथों में जिसका नसीब होगा, कोई तुम्हें चाहे ये कोई बड़ी बात नहीं, लेकिन तुम जिसको चाहो वो खुश नसीब होगा..                  Be happy & have a blessing of parents jii",0.0048,0.0172,-0.0124,1
train-1530,train,1,"Bas tabhi maine samajh liya, kitni prakar ke hotey hai..! 🙂","बास्तबिक ' मुझे समझ में आया, लेगा कितनि प्रकार का होतें है..! 🙂",0.0086,0.0147,-0.0062,1
train-3082,train,0,"Bahut be-dard insaan hai bhai, gareeb bacche ko ek aam nahi de sake shaitan hai",बहुत बेदर्द इंसान हैं भाई गरीब बच्चे को एक आम नहीं देसका शैतान है,0.9841,0.9751,0.009,1
train-480,train,0,Hum chodna chahte hai to socha,हम चोदना चाहते है तो सोचा,0.9992,0.9987,0.0004,1
train-8644,train,1,"Ek khel ratna usko bhi do, bohot ache se khelati hai woh dil se..!! 💔💔💔💔","एक खेल रत्न उसको भी दे दो, बड़ा अच्छा खेलती है वो दिल से..!! 💔💔💔💔",0.0093,0.0529,-0.0436,1
train-18153,train,0,Kuttiya lagti hai re kuttiya,कुत्तिया लगती है रे कुत्तिया,0.9992,0.999,0.0002,1
train-3251,train,0,"Adnan Khan, galt fahmi me mat rehna, ab 1947 ka Hindu nahi hai, 2021 ka Hindu hai. Tumhari kauom ko trishtrikarana karne wale ab ICU me hai. Jis toottee chor, dheredi naak wale Akhilesh Yadav ke dam par giddar bhbhaki de raha hai, woh satta ke liye apne baap Mulayam Singh Yadav ke saath bhi vishwasghat kar sakta hai. Phir tumhari kauom kon se khet ki mulli hai, kitne abba banayega? Pehla tumhara abbu vamswad ki Congress thi, bad me Samajwadi, Bajrang Dal, deshdrohi waampanthi ban gaye, ab naya abbu OBESI hai. Apni aukat me rehna.","अदनान खान ,  गलतफहमी में मत रहना ,  अब 1947 का हिंदू नहीं है ,  2021 का हिंदू है ,  तुम्हारी कौम का तृष्ट्रीकरण करने वाले अब I C U में है  ,  जिस टूटटी चोर , ढेडी़ नाक वाले अखिलेश यादव के दम पर गीदड़ भभकी दे रहे हो , वह.सत्ता के लिये अपने बाप मुलायम सिंह यादव के साथ विश्वासघात कर सकता है ,  फिर तुम्हारी कौम कौन से खेत की मुल्ली है ,  कितने अब्बा बनाओगे ,  पहला तुम्हारा अब्बू वंशवाद की काग्रेंस थी ,  बाद में सपा , बसपा ,देशद्रोही वामपंथी बन गये ,  अब नया अब्बा ओबैसी है अपनी औकात में रहो",0.999,0.9651,0.034,1
train-9129,train,1,"Maine bhi boycott kar diya hai. Aur logon ko inspire karta raha hai. Inka boycott karna padega. Jai Jai Shree Ram, Har Har Mahadev",मैने भी बहिष्कार कर दिया है। और लोगो को प्रेरित करता रहता हूं। इनका बहिष्कार करने के लिए  जय जय श्री राम हर हर महादेव,0.0046,0.0082,-0.0036,1
train-4682,train,0,"Pichle 7 saal se vo daadi ke saath saath petrol, diesel ke dam bhi badhaye hue hain, aur hamari izzat ko nilam karne ke liye bin bulaye America aur Pakistan bhi chale jate hain, corona mahamari se bachane ke liye lockdown bhi lagwaye hue hain aur saath me apna election bhi karwaye hue hain, mandir ke trust ki jamin ka dam 10 minute me 2 se 18 crore badhane me bhi samarthe hai, Bharatiya seema ke Ladakh aur Arunachal Pradesh me China ko gao ke gao bhi banwane de rhe hain, aur desh ko kardar bhi. Iske baad bhi tumhe kuch samajh na aaye to question in se na karo, dimaag me gobhar bhare andhbhakto se karo! 😆😆😆😆😆😆😆😆😆😆😆😆","पिछले 7 सार से वो  दाढ़ी के साथ साथ पेट्रोल, डिजल के दाम भी बढा रहे हैं, और हमारी ईज्जत को निलाम करने के लिए  बिन बुलाए अमेरिका और पाकिस्तान भी चले जाते हैं, कोरोना महामारी से बचाने के लिए  लोकडाउन भी लगवा रहे हैं और साथ में  अपना ईलेक्शन भी करवा रहे हैं,  मंदिर के ट्रस्ट की जमीन का दाम 10 मिनीट में  2 से 18 करोड बढवा भी सकते हैं,  भारतीय सीमा के लद्दाख और अरुणाचल प्रदेश में चीन को गाँव के गाँव भी बनवाने दे रहे हैं,  और देश को कर्जदार भी इसके बाद भी तुम्हे कुछ समझ न आए  तो प्रश्न इनसे नही,  दिमाग में गोबर भरे अंधभक्तो से करे!..  😆😆😆😆😆😆😆😆😆😆😆😆",0.0733,0.9758,-0.9025,1
train-15064,train,1,Berry berry nice meme ❤💞❤💗💝💗❤💘❤🧡💛💚❤,बेरी बेरी नाईस मेम ❤💞❤💗💝💗❤💘❤🧡💛💚❤,0.0043,0.0043,0.0,1
train-19693,train,1,Mohabbat chhod ke har ek jurm kar lena warna tum bhi musafir ban jao ge tanha raaton ke,मोहब्बत छोड़ कर हर एक जुर्म कर लेना वरना तुम भी मुसाफिर बन जाओगे तनहा रातों के,0.0058,0.0199,-0.0141,1
train-13205,train,1,Matra number P call kyun nahi kar rahi,मात्र नंबर प कॉल क्यों नहीं कर रही,0.0054,0.0091,-0.0036,1
train-7734,train,0,"Top ke andhere mein arrow nahi chhodte... dusman kitni bhi door ho, bone todhe bin chhodte nahi",🔝👹🤙🏻 अंधेरे में 🏹तीर नहीं छोड़ते🤺 …………दुश्मन कितनी भी 🔝दूर हो हड्डी💥 तोड़े बिना🤺 नहीं छोड़ते🔥🚩,0.9944,0.9744,0.02,1
train-3963,train,1,"Zada utha raha tha, pata nahi tha ki chaddi pehna hai ya nahi, aaj lower khiska gaya hai. Badnam ho gaya, kya kya banaya tha kuch aur nikla kuch aur 😂😂😂😂😂😂😂😂",जायदा उछाल रहा था पता नहीं था की चड्डी पहनना भूल गया है आज लोअर खिसक गया है बदनाम हो गया क्या क्या बना दिया था कुछ और निकला कुछ और 😂😂😂😂😂😂😂😂,0.9729,0.9714,0.0015,1
train-4800,train,1,"Hamesha khush rehna beti, bahut cute song, acchi video",🙏🙏हमेशा खुश रहो बेटी🙏🙏🙏🙏🙏🙏🙏बहुत सुंदर गीत 🙏🙏🙏🙏🙏🙏🙏🙏अच्छी वीडियो🙏🙏🙏🙏🙏🙏,0.0044,0.0197,-0.0153,1
train-17186,train,0,Ma chod Pakistan walo ki,मां चोद पाकिस्तान वालों की,0.9993,0.9992,0.0001,1
train-10542,train,1,"Sab Sikh lo, sab mar jaate hain iska naam.",सब सिख लो,0.0068,0.0099,-0.0031,1
train-3937,train,1,"Aap bahut achhe dikhte ho, bahut achchi smile kardo yaar, bahut achchi videos banao, salaam walekum Nasrullah Khan ka",बहुत अच्छे दिख रहे हैं आप बहुत अच्छी मुस्कुरा दे यार बहुत अच्छी वीडियो बनाते हैं सलाम वालेकुम नसरुल्लाह खान का,0.0046,0.057,-0.0524,1
train-5888,train,0,"Beta, bas akele nahi mil jana, kisi aur ke saath bhi pata hai kya?",बेटा बस अकेले नहीं मिल जाना,0.0065,0.0155,-0.0089,1
train-8668,train,0,Chut degi kya,चुत देगी किया,0.9992,0.9758,0.0234,1
train-15285,train,0,"Chand bhi kamal ka hai, kuch din pele dikha to laakhon bakron ki jaan le li aur... aaj dikhega to laakhon bakron ki umar badha jayega!",चाँद भी कमाल का है कुछ दिन पहले दिखा तो लाखो बकरों की जान ले ली और.. . . आज दिखेगा तो.. लाखो बकरों की उम्र बढ़ा जायेगा!,0.9914,0.966,0.0255,1
train-8047,train,1,Bahut sundar presentation hai ❤️❤️❤️👍,बहुत सुन्दर प्रस्तुति है ❤️❤️❤️👍,0.0045,0.0057,-0.0012,1
train-9494,train,0,"Kamal ki neta hai, kahin bhi hinsa hoti hai tabhi apne aawas se nikalti hai satta ki roti se kheen.. Had hai inki gandi rajnitika, isliye ye party ant ke kagar pe hai...",कमाल की नेता है ये कहीं भी हिंसा होती है tabhi ये अपने आवास से निकलती है सत्ता की रोटी sekne.. Had ha इनकी गंदी राजनीति का इसलिए ये पार्टी अंत के kagar पे है...,0.994,0.9761,0.018,1
train-18332,train,1,"Very very very beautiful video, so sweet 🤲🌷👍",वेरी वेरी वेरी ब्यूटीफुल वीडियो सो स्वीट🙏🏻🙏🏻🙏🏻🙏🏻🙏🏻🙏🏻🙏🏻🙏🏾🙏🏾🙏🏾🙏🏾🙏🏾🙏🏾🌷🌷🌷🌷🌷🌷🌷🌷🌷🌷🌷🌷🌷🌷🌷🌷🌷🌷🌷🌷🌷🌷🌷🌷🌷🌷🌷🌷🌷👍👍👍👍👍👍👍👍👍👍👍👍👍👍👍👍🙏🏾🙏🏾🙏🏾🌱🌱🌱🌳🌲🌲🌲🌴🌴🌿☘🍀🍀☘🌴🌱🌱🌳🌲🌲🌿☘🍀☘🌿🌿🌲🌲🌳🌱,0.0045,0.0046,-0.0001,1
train-11208,train,0,"Bhosdi ke mad***, kya re tu video banaraha hai",भोसड़ी के म****** क्या रे तू वीडियो बना रहा है,0.9993,0.9989,0.0003,1
train-18822,train,1,Har kee jalne ke kuch kaaran hota hai lekin insaan toh kisi bhi kaaran ke bina ek dusre se jalta hai.,हर किसी के जलने का कुछ कारण होता है लेकिन इंसान तो बिना किसी कारण के एक दूसरे से जलते हैं।🤔,0.0173,0.0142,0.0031,1
train-7885,train,0,"Kutta, tum religious feelings ko toh tamasha ho raha hai",धार्मिक भावनाओं को आहत पहुंचा रहा है कुत्ते,0.9977,0.9877,0.01,1
train-7299,train,1,Puri dali kali hai,पुरि दाल काली है,0.0131,0.9744,-0.9612,1
train-5431,train,1,"Bhagwan jo di banaye rakhe,","भगवान जोडी बणाये राखै,",0.0047,0.0258,-0.0211,1
train-13572,train,1,92 aatma Ma Shanti aapne Jay Ma Kholan Ma Chausath Jogini Devi karod devi devtaa Dharati Mata Akash mere pita tumhi meri Ma ho tum hi pita ho se badkar koi nahi hai fasivad hai sadha rahega Ma meri Ma Dharati Mata Jay Ma Kali Pawagadh wali kalyan karo,92 आत्मा मां शांति आपे जय मां खोडल मां चौसठ जोगणी देवी करोड़ देवी देवता धरती माता आकाश मेरे पिता तुम्हीं मेरी मां हो तुम ही पिता हो से बढ़कर कोई नहीं है फासीवाद है सदा रहेगा मां मेरी मां धरती माता जय मां काली पावागढ़ वाली कल्याण करो,0.0047,0.981,-0.9763,1
train-151,train,0,"Tu bhi janti ho isko, fir bhi tum ladki hoke dusri ladki ko kuchad mein daal rahi ho",तुम भी जानती हो इसे फिर भी तुम लेडी होकर दुसरी लेडी को कीचड़ में फेंक ती हो,0.9985,0.9767,0.0219,3
train-5419,train,0,Mc ham bhi gaon ke hai mc,Mc हम भी गाँव के है mc,0.9935,0.9919,0.0016,1
train-3572,train,0,Asa Ram ka chola bhi pehna leya 🤷🤷🤷,आसा राम का चोला भी पहन लिया है🤷🤷🤷,0.9675,0.9975,-0.0299,1
train-1466,train,1,Gandhi ke hetyare bahut nautanki wala hai,गांधी के हत्यारे बहुत नौटंकीबाज है,0.0308,0.0128,0.018,1
train-1333,train,0,Bahar baitha hai kyoki uske saath bغل me inke pet ki kutte baitha hai!! 😊😁😃😬,बाहर बैठा है क्योकि उसके साथ बगल में उनके पालतू कुत्ता बैठा है!!😊😁😃😬,0.9733,0.8942,0.0791,1
train-18365,train,1,"Main aapke saath banaane ke liye soch raha lekin pahle ek video bana dijiye, aapko bura na lagaye 🙏",मैं आपके साथ बनाने के लिए सोच रहा हूं लेकिन पहले आप एक वीडियो बना दीजिए आपको बुरा ना लगे तो 🙏🙏🙏🙏🙏,0.0067,0.9938,-0.9871,1
train-3358,train,0,Punjab ke un kuttay ko kya samajhaye ki jo tum apna bhai kehte ho unhi na terrorism ki saamansi kar ke sainik mara rahe hain,पंजाब के उन कुत्तों को कौन समझाए कि जिन्हें तुम अपना भाई कह रहे वहीं आंतकवाद का समर्थन कर सैनिकों को मार रहे हैं,0.9991,0.9807,0.0183,1
train-1233,train,1,Toh bade ka thikanan nahi khaaye ko bade-bade chowk se marte hai,तो बड़े का ठिकाना नहीं खाए को बड़े-बड़े चौक से मारती है,0.0112,0.9776,-0.9664,1
train-3448,train,1,Kyun padhe ho chakkar mein 😝😝😝 koi nahi hai takkar mein 🙈🙈🙈 SATY STRONG 💯💯,क्यों पड़े हो चक्कर में 😝😝😝 कोई नहीं है टक्कर में 🙈🙈🙈 SATY STRONG 💯💯,0.009,0.0056,0.0034,1
train-16536,train,1,"Mohbbaat itni andhi hoti hai ki agar premika ki naak bhi bah rahi ho, to bhi premi ko lagta hai nathun mein hi hira chamak raha hai","मोहब्बत इतनी अंधी होती है कि अगर प्रेमिका की नाक भी बह रही हो,तो भी प्रेमी को लगता है नथुनी में हीरा चमक रहा है",0.0178,0.0248,-0.007,1
train-2273,train,1,"Arj kiya hai gutkhe ki pichkari, beedi ka dhua, kya meri shayari ne aapke dil ko chhua 😂",अर्ज़ किया है गुटखे की पिचकारी बीड़ी का धुंआ क्या मेरी शायरी ने आपके दिल को छुआ 😂,0.0078,0.8259,-0.8181,1
train-998,train,1,Yaar samajh me nahi aata ki log d p churaane me kya milta hai🤣🤣🤣,यार समझ में नही आती हैं की लोगो d p चुराने मैं क्या मिलता है🤣🤣🤣,0.0102,0.0328,-0.0226,1
train-11446,train,0,Salo kis ke aage sar jhukate ho jo Muhammad ne apni beti ko bhi nahi chhodna chahata tha,सालो किस के आगे सर झुका रहे हो जिस मुहम्मद ने अपनी बेटी को भी नहीं छोड़ा,0.9856,0.9962,-0.0105,1
train-7509,train,0,M****** Shivanee Bhopalsdi wali,म****** शिवानी भोंसड़ी वाली,0.9993,0.9993,0.0,1
train-18670,train,1,"Ji kare, aapko dekhta rahuunga",जी करे देखता रहूं आपको,0.0052,0.008,-0.0027,1
train-5106,train,1,"Maine tera ishq ka fasana dil me save rakha hai, aankhon se padh liya karo, kya zaroori hai batana... 😥😰😕😐😳😞🌹🌷","🌹🌹😥😰😕😐😳😞🌹🌷 महफूज रखती हूँ दिल में, तेरे इश्क का फसाना, आँखों से पढ लिया करो, क्या जरूरी है बताना..  🌺🥀🌮🧀🍹😀🌷☘🌞🌺🥀",0.0045,0.0097,-0.0052,1
train-15855,train,1,Bahut hi hai👍 ❤❤,बहुत ही है👍 ❤❤,0.0048,0.0047,0.0001,1
train-4564,train,1,"Ek maa-baap ko marthu se itna nafrat nahi hoti jitna is baat se fear hota hai ki agar humein kuch ho gaya to meri beti-son ke kya hoga,,✍️ 😭😭😭","एक माता-पिता मृत्यु से नहीं डरते   जितना इस बात से डरते हैं कि  अगर हमें कुछ हुआ तो  मेरे बच्चों का क्या होगा,,✍️       😭😭😭",0.0115,0.0086,0.0029,1
train-8429,train,1,Ati sundar ati sundar 🙏🙏👌👌,अति सुंदर अति सुंदर🙏🙏👌👌,0.0046,0.0207,-0.016,1
train-11629,train,1,Izzat to sab ke sab karni chahiye ji,इज्जत तो साब की करनी चाहिए जी,0.0075,0.0051,0.0024,1
train-16843,train,1,Mere bhabi video dekh liya karo jee,मेरे बीबी वीडियो देख लिया करो जी,0.0063,0.0893,-0.083,1
train-3467,train,0,"Tujhe sharmanak nahi aati is tarah bejuaban ke saath karte hue, nakhla",बेजुबान के साथ ऐसा करते हुए तुझे शर्म नही आती नालायक,0.9987,0.9979,0.0008,1
train-6533,train,0,"Baba hai bhosdke, haraam ka khaao, bhikh mang mang kar to pet paalta hai, sale haraamkhore kutte jahil baat karne ki tamij nahi hai, kaise baat kare YouTube par sale jangali pati bana kisne diya, baba behan chod, nange door sale kutte sale mayawati ko duniya behan ji bolte hai, sale tuj par kapda hai, neend nange sale tera par to kafan bhi nahi aayega, behan chod, machchar sala",बाबा है भोसड़ी के हराम का खाओ भीख मांग मांग कर तो पेट पालता है साले हरामखोर कुत्ते जाहिल बात करने की तमीज नहीं है कैसे बात करी जाती है यूट्यूब पर साले जंगली पति बना किसने दिया बाबा बहन चोद नंगे डोर साला कुत्ता साले मायावती को दुनिया बहन जी बोलती है साले तुझ पर कपड़े हैं नींद नंगे साले तेरे पर तो कफन भी नहीं आएगा बहन चोद मच्छर साला,0.9993,0.9992,0.0,1
train-18436,train,0,Like milega par like ke liye kapde nahi utarna mast video,लाईक मिलेगे  पर लाईक के लिये कपडे नहीं उतारना   मस्त व्हिडिओ,0.9988,0.9974,0.0015,1
train-12907,train,1,Jay Ma Kaal,जय माँ काल,0.0052,0.0054,-0.0002,1
train-8072,train,0,Talechatto aur kya kar sakte ho bhosdike?,टेलचट्टो और कर भी क्या सकते हो,0.9977,0.9992,-0.0015,2
train-9836,train,1,Swag ka ek yug khatam sa ho gaya hai 🙏🌺,🙏🌺 मानो स्वर का आज एक युग  खत्म  सा हो गया  है  🌺🙏,0.0058,0.0091,-0.0033,1
train-18887,train,1,"Kya fariyad hai, kishe dashtan sunaaye, dil se lete hai jo chahe usse kaise bhool jaye, bhajan bataye.",फरियाद क्या करे किसे दास्तां सुनाए दिल से हम लेते जिसे चाहे उसे कैसे भूल जाए भजन बताएं,0.0051,0.0193,-0.0143,1
train-4052,train,0,"Suresh, Reena ke pita ka naam hai","सुरेश, रीना के पिता का नाम है",0.0097,0.0119,-0.0022,1
train-14468,train,1,"Aap yeh kapde silti ho ya gift me mile hai ya khud lai ho, bahut sundar hai",आप यह कपड़े सिलती हो या आप को गिफ्ट में मिले हैं या आप खुद लाए हो बहुत सुंदर हैं,0.0049,0.0106,-0.0056,1
train-19622,train,0,"Arey uncle ji, shame karo, apni poori jaisi ladki ke saath video banane wala hai? Tumhare ghar me ladkiya nahi hai kya? Apni umar ki ladki ke saath video bana lo to accha lagega. 😠😠😠😠😠😠😠😠😠😠😠😠😠😠😠😠😠😠","अरे अंकल जी शर्म करो पोती जैसी लड़की के साथ वीडियो बना रहे हो,  आपके घर में लड़कियां नहीं है क्या अपनी उम्र वाली लड़कियों के साथ बनाओ तो अच्छा लगेगा, 😠😠😠😠😠😠😠😠😠😠😠😠😠😠😠😠😠😠😠",0.9968,0.9634,0.0334,1
train-6598,train,1,Har kisi ko meri dress bhej do,हमारे धर के कपड़े भेज दु,0.0082,0.0115,-0.0032,1
train-11205,train,0,Andhbhakt-Andhbhakt hi chhodmain naam se khushiyan man raha hai social media par dusre ko badname karne ke liye,अंधभक्त-अंडभक्त ही छद्म नाम से खुशियां मना रहा है सोशल मीडिया पर दूसरे को बदनाम करने के लिए,0.9992,0.9988,0.0003,1
train-405,train,1,"Kya baat hai ji haan dost, aap meri ad ki taraf nahi a rahe ho ❣️❣️❣️❣️❣️❣️❣️",क्या बात है जी हां दोस्त आप  मेरी एडी पर नहीं आ रही है ❣️❣️❣️❣️❣️❣️❣️,0.0043,0.0044,-0.0,1
train-9882,train,0,"Ladkon ke itne bade bade doodh kab se ho gaye bhai, hadd ho gayi yaar 😂😂👌👌😘😘😂😂",लडकों के इतने बड़े बड़े दूध कब से होने लगे भाई हद होगी यार 😂😂👌👌😘😘😂😂,0.5807,0.9387,-0.358,1
train-2451,train,1,Superhit video ji mataji 👌👌💠🌹🌹💠💠🌹🌹💠💠🌹🌹💠💠🌹💫💫💫💫💫💫💫💫💫💫💫🌟🌟🌟🌟🌟🌟🌟🌟♥️♥️♥️♥️,सुपरहिट वीडियो जी माताजी 👌👌💠🌹🌹💠💠🌹🌹💠💠🌹🌹💠💠🌹💫💫💫💫💫💫💫💫💫💫💫🌟🌟🌟🌟🌟🌟🌟🌟♥️♥️♥️♥️,0.0043,0.0043,0.0,1
train-1579,train,1,Ye machli Rapti nadi mein uska Siddharth Nagar ke paas Chitra paar nadi mein dekhi jaa chuki hai,ये मछली राप्ती नदी में उसका सिद्धार्थ नगर के पास chitra पार नदी में देखी जा चुकी है,0.006,0.975,-0.969,1
train-14098,train,1,"Hum na hotey to gazal koun karta, tere is cheheray ko kamal koun karta, ye to mohabbat ka asar hai warna pattaar ki diwar ko tajmahal koun karta","हम ना होते तो गज़ल कौन कहता, तेरे इस चेहरे को कमल कौन कहता, ये तो मोहब्बत का असर है वरना पत्थर की दीवार को ताजमहल कौन कहता",0.0047,0.0215,-0.0167,1
train-17099,train,0,Teri ma ka madarchod 😜😜😜,तेरी माँ का 😜😜😜,0.9632,0.9993,-0.0361,2
train-9116,train,1,"Pyar, paisa, aur papa mein aap kisko choose karenge",प्यार पैसा और पापा में आप किसे चुनोगे,0.0132,0.0162,-0.0029,1
train-4812,train,1,"Isme kuch nahi bharayega kyunki shahad se meetha kuch nahi hota, suraj se garm kuch nahi hota, badshah ko kuch nahi chahiye, faquir ke paas kuch nahi hota aur jo kuch nahi khaega woh mar jayega. This is right answer 👍👍",इसमें kuch nhi भरा जाएगा क्युकी  शहद से मीठा कुछ नहीं होता  सूरज से गर्म कुछ नहीं होता बादशाह को कुछ नहीं चाईए फकीर के पास कुछ नहीं होता और जो कुछ नहीं खाएगा वह मर जाएगा  This is right answer 👍👍,0.0099,0.9939,-0.984,1
train-16962,train,0,"Bhai sharmanak nahi hai, kya video daal raha hai be? Tumhe to video daalne me acha lag raha hai",भाई शर्म करो क्या वीडियो डाल रहे हो बीवी के अच्छा लग रहा है तुम्हें वीडियो डालते हो,0.9975,0.979,0.0184,2
train-1255,train,1,Jay Ma Bhadrakali 🙏🏻🥀🙏🏻🥀🙏🏻🥀🙏🏻🥀🙏🏻🥀🥀🙏🏻🥀🙏🏻🥀🙏🏻🥀🙏🏻🥀🙏🏻🥀🙏🏻🥀🙏🏻🥀🙏🏻🥀🙏🏻🥀🌹🌹🙏🏻🌹🙏🏻🌹🙏🏻🌹🙏🏻🌹🙏🏻,जय मां भद्रकाली 🙏🏻🥀🙏🏻🥀🙏🏻🥀🙏🏻🥀🙏🏻🥀🥀🙏🏻🥀🙏🏻🥀🙏🏻🥀🙏🏻🥀🙏🏻🥀🙏🏻🥀🙏🏻🥀🙏🏻🥀🙏🏻🥀🙏🏻🥀🌹🌹🙏🏻🌹🙏🏻🌹🙏🏻🌹🙏🏻🌹🙏🏻,0.0043,0.0044,-0.0001,1
train-2393,train,1,Bahut bahut thanks aapka 🙏😂,बहुत बहुत धन्यवाद आपका 🙏😂,0.0048,0.005,-0.0002,1
train-19751,train,0,Bahut khub andolan karte raho tabhi hamare desh ko azaadi milegi in saale angrezon ki aulad se inko bhagana hi hamara makasad hai warna jo raha gaya usko bhi bech dega ye paakhandi kutta,बहुत खूब आंदोलन करते रहो तभी हमारे देश को आजादी मिलेगी इन साले अंग्रेजों की औलादों से इनको भगाना ही हमारा मकसद है वरना जो रह गया उसको भी बेच देगा ये पाखंडी कुत्ता,0.9987,0.9897,0.009,1
train-28,train,1,"Adarsh falani ji, aapke mubarak paon ke beech jo darwaza-e-jannat hai, usme ye naacheez apne auzar-e-tabusum ki daakhila-e-gachagch ki izaat chahata hai.. 😝😜😝😜 👉","आदरणीय फलानी जी   आपके मुबारक पावों के बीच जो दरवाज़ा-ए-जन्नत है , उसमे ये नाचीज़ अपने औज़ार-ए-तबसुम की दाखिला-ए-गचागच की इज़ाज़त चाहता है.. 😝😜😝😜 👉",0.0072,0.0142,-0.007,1
train-2780,train,0,Madarchod mullon apni bahan betiyan nahi chhod rahe hain 😂😂,मादरचोद मुल्लों अपने बहन बेटियों को नहीं छोड़ रहे हो😂😂,0.9993,0.9993,-0.0,1
train-2517,train,1,"Good back round,","गुड बेक राउंड,",0.0047,0.0064,-0.0017,1
train-17571,train,1,"Aapke saath kitne khade hai ye maane nahi rakhta, unme se aapke kaam ke kitne hai ye maane rakhta hai",आप के सात कितने खड़े है ये मायने नहीं रखता उन में से आप के काम के कितने है ये मायने रखता है,0.0099,0.0474,-0.0375,1
train-18096,train,1,"Koi mujhe bhi apna boyfriend bna lo, Chandni chand se hoti hai, staro se nahi, mohbat ek se hoti hai, hazaro se nahi",कोई मुझे भी अपना boyfriend bna lo चांदनी चाँद से होती सितारों से नहीं मोहब्त एक से होती है हजारों से नहीं,0.0064,0.0126,-0.0062,1
train-11013,train,1,Mujhe achhe lagte hai vo log jo mujhse nafarhat karte hai kyunki ab har koi cute se dekhega to nazr hi nahi lagayega mujhpe,"""मुझे अच्छे लगते है वो लोग जो मुझसे नफ़रत करते है  क्योंकि अब हर कोई प्यार से देखेगा तो नज़र नहीं लग जाएगी मुझे""",0.0107,0.0141,-0.0034,1
train-907,train,0,Sadi toh lala phire lete ho,साडी त लाला पहेर लेतू हो,0.9667,0.9749,-0.0081,1
train-9243,train,0,Chuchi malwaiya ka,चूची मलवाई का,0.9992,0.9977,0.0015,1
train-17661,train,0,"Devi devta aur sarkar ko dushwar karne wale, un hi log rap karne aate hain. Sharem aani chahiye dindiyo ko, ladki dekh ke daant nipoora shuru kar diya. Comments devi devta, mandir masjid.","दोष देते है देवी देवता और सरकार की,रेप करने यही लोग आते हैं। शर्म आनी चाहिए दरिंदो को लडकी दिखी, दांत निपोरना शुरू। कमेंट देवी देवता मंदिर मस्जिद।",0.9984,0.9988,-0.0004,1
train-18968,train,1,Number one dost,नंबर वन दोस्त,0.0051,0.0058,-0.0007,1
train-17653,train,1,"Kaise aram milta dawa se ae galib,,,,,,,,,,,,,,,,,,,,,,,, ishq ka rog tha ma ke chappal se hi aram milta hai 😥😥😥😜😝😛😜😂😂😂😂😂","कैसे आराम मिलता दवा से ए गालिब,,,,, ,,,,,,,,,,,,,,,,,,,,,,इश्क का रोग था मा की चप्पल से ही आराम मिलता है😥😥😥😜😝😛😜😂😂😂😂😂😂",0.0067,0.0107,-0.0041,1
train-19172,train,1,Tula koni number pathvala ahe tyala bol police stationla number deu ka,तुला कोणी  नंबर पाठवला आहे त्याला बोल पोलीस स्टेशनला नंबर देऊ का,0.0073,0.0102,-0.0029,1
train-13244,train,1,Jay shri ram 👍,जय श्री राम 👍,0.0049,0.0049,-0.0,1
train-18314,train,1,"Afghanistan wale keh rahe hai hum 200 ka petrol aur hazaar rupaye ka cylinder le lenge, bas hume sharan do",अफगानिस्तान वाले कह रहे हैं हम 200 का पेट्रोल और हजार रुपए का सिलेंडर खरीद लेंगे बस हमें शरण दे दो,0.0072,0.0336,-0.0265,1
train-6987,train,1,Aap dono ka acting ek dam mast lag raha hai madam ji,आप दोनो का एक्टिंग एक दम से मस्त लग रहा है मैडम जी,0.011,0.009,0.0019,1
train-16879,train,0,"Nache gharon nashadiyo ko kon saza de raha hai, ye log gawahon ko mara denga",नच घरों नशेडीयो को कोन सजा दीला रेंगे ये लोग गवाहों को मरवा देगा,0.9975,0.9745,0.0229,1
train-3719,train,1,Jay Baba Ramdev ji ki sa jay ho,जय बाबा रामदेव जी की सा जय हो,0.0047,0.0257,-0.021,1
train-9915,train,1,"Ganpati Bappa moriya, mangal murti moriya",गणपति बप्पा मोरया मंगल मूर्ति मोरया,0.0046,0.8281,-0.8234,1
train-2042,train,0,"Kis chutiya ne kaha hai ki Bhagwan chutti par hai, bilkul pagal hai. Kya yeh kah raha hai ki Bhagwan chutti par hai, upparwala chutti par hai. Bilkul pagal hai. Kya Bhagwan chutti par hote hai? Bhagwan koi insaan to nahi hai, upparwala koi insaan to nahi hai jo chutti par ho. Agar Muslim ho to aisa kahna kufur hai, kufur matlab ke kaafir ho jana.",किस चुतिया ने कहा है कि भगवान छुट्टी पर है बिल्कुल पागल है क्या यह कह रहा है कि भगवान छुट्टी पर है ऊपरवाला छुट्टी पर है बिल्कुल पागल है क्या भगवान छुट्टी पर होते हैं भगवान कोई इंसान थोड़ी ना है ऊपर वाला कोई इंसान थोड़ी ना है जो छुट्टी पर हो अगर मुस्लिम हो तो ऐसा कहना कुफ्र है कुफ्र यानी के काफिर हो जाना,0.9992,0.9993,-0.0,1
train-14655,train,1,Jay Bhim Bhava EU EU EU EU ✍️✍️✍️✍️✍️✍️,🇪🇺🇪🇺🇪🇺🇪🇺जय भीम भावा🇪🇺🇪🇺🇪🇺🇪🇺✍️✍️✍️✍️✍️✍️,0.0043,0.0045,-0.0002,1
train-14827,train,0,Bhains se ko pehna wali pani leke aur inki gand per de dena den de dena den de dena gand ka banega gurgaon jab gand dikhana band karenge,भैंस से को पीटने वाली पेनी लेवे और इनकी गांड पर दे दना दन दे दना दन दे दना दन गांड का बना दे गुड़गांव जब गांड दिखाना बंद करेंगे,0.9993,0.9943,0.005,1
train-19972,train,0,Atta mill wale balon ki gand phat rahi hai bhonsdi ke rashan free bant bant kar,आटा मिल बालों की गांड फटी जा रही है भोसड़ी के राशन फ्री बांट बांट कर,0.9993,0.9946,0.0046,1
train-1150,train,0,"Bhosdi ke itna video mat banaye, kyunki hum free fire lover hai",भोसड़ी के इतना वीडियो मत बना क्योंकि हम फ्री फायर लवर है,0.9992,0.9985,0.0007,1
train-12832,train,0,"Tuje jo smajhna hai smajh 😂😂 2002 me EVM nahi tha tab se Modi bar karar hai, kya ukhad paaye? Agar EVM me gaddbad hoti to Bengal par BJP ka parcham hota, Rajasthan bhi hamara hota, Tamilnadu bhi smjha","तुझे जो समझना है समझ 😂😂 2002 मे evm नही था तब से मोदी बरकरार है , क्या उखाड़ पाए यदि evm में गड़बड़ी होती तो बंगाल पर bjp का पर्चम होता, राजस्थान भी हमारा होता, तमिलनाडु भी समझा",0.9959,0.9873,0.0086,1
train-16481,train,0,"Besharam tum log padhke likhke bhi itna gande kapde pahante ho, tujhe sharmanahi aati? Kuch karna ho to apne desh ke liye karo. Aur koi bhi video nahi bana sakti jo gandi wali video banate ho, aap sab.",बेशर्म तुम लोग पढ़ लिख कर भी इतने गंदे कपड़े पहनते हो तुझे शर्म नहीं आती कुछ करना है तो अपने देश के लिए करो और कोई  भी वीडियो नहीं बना सकती जो गंदी वाली वीडियो बनाती हो आप सब,0.9992,0.9972,0.002,1
train-17002,train,0,"To main bhi thora acchi hoon, marne wali nahi hoon teri wajah se aur na soch ki main tujhe bar-bar har baar ki tarah manane wali hoon, kutta main thori nahi hoon ki har baar main hi ake manane wali hoon, bhool jana mere ko ok",तो मैं भी तन्हा अच्छी हूं मरती नहीं हूं तेरे लिए और यह मत सोच कि मैं तुझे बार-बार हर बार की तरह बनाऊंगी कुत्ता थोड़ी ना हूं कि हर बार मनाने मैं ही आओ भूल जाना मुझे ओके,0.9517,0.9424,0.0093,1
train-8713,train,1,Pyar me dhokha diya bevaafa,पियार मे धोखा दिया बेवफ़ा,0.0098,0.0055,0.0042,1
train-12217,train,0,"Kapde nahi the kya tera paas, jo aise nangi a gayi",कपड़े नहीं थे क्या तेरे पास जो नंगी अा गई,0.9992,0.9229,0.0763,1
train-19193,train,0,Bhosdi ke jhoot bol rha hai tu,भोसड़ी के झूठ बोलो,0.9993,0.9988,0.0005,1
train-4752,train,0,"Muth mar ke chehre pe laga lo, gor ho jaogye",Muth mar ke चेहरे पे लगा लो गोर ho जाओगे,0.9985,0.9979,0.0005,1
train-8877,train,0,Moti wali ka,मोटी वाली का,0.9967,0.9876,0.0091,1
train-5762,train,0,Samajwadi Party madharchod party hai,समाजवादी पार्टी madharchod पार्टी,0.9993,0.9993,0.0,1
train-9821,train,1,Udhan to bharna hai... chahae kai baar girna pade. Sapnon ko poora karna hai... chahae khud se bhi laddna pade. 🙏🙏,उड़ान तो भरनी है ... चाहे कई बार गिरना पड़े  सपनों को पूरा करना है ... चाहे खुद से भी लड़ना पड़े 🙏🙏,0.0047,0.405,-0.4003,1
train-2966,train,1,Chal naka karu,चालू नका करू,0.0064,0.0067,-0.0003,1
train-13108,train,0,Randi ki chutiyaaan kya?,रण्डी की की,0.9993,0.9993,-0.0,1
train-12937,train,0,"Pehle se hi plan banaya rakha hoga, saalon ne raasta rokna pata nahi kaise, kya jhoothi police hai Punjab ki",पहले से ही प्लान बना रखा होगा सालों ने रास्ता रोकना पता नही कैसे सुस्त पुलिस है पंजाब की,0.9497,0.9471,0.0026,2
train-17875,train,1,"Maa to maa hi hoti hai, chahe wo kisi ki bhi kyun na ho",माँ👩 तो माँ👩 होती है🙏 चाहे वो कीसीकी भी क्युं ना हो🙏🙏,0.0112,0.0387,-0.0275,1
train-11728,train,1,"Sahib YouTube ke saath karo, TikTok ke piche lag jaate ho kya?",साहेब युतीबरोबर करा तुम्ही लय टिक टॉक च्या मागे लागू नका,0.0072,0.9936,-0.9863,1
train-9106,train,0,India me rehkar Pakistan ki taraf hai kamine 😠😡,इंडिया में रहकर पाकिस्तान की तरफ है कमीने😠😡,0.9887,0.9862,0.0025,1
train-7573,train,1,"Bhikari (car mein baithi sethani se): ""Madam, 10 rupaya de do!"" Madam ne paise de diye... . . Bhikari jane laga tabhi... . . Madam boli: Baba, dua to dete jaao...! Bhikari: BMW mein to baithi ho moti, ab kya... rocket mein baithegi .!!","भिकारी (कार में बैठी सेठानी से): ""मैडम, १० रूपया दे दो.!"" मैडम ने पैसे दे दिये... . . भिकारी जाने लगा तभी .. . . मैडम बोली :- बाबा, दुआ तो देते जाओ ..! भिकारी :- BMW में तो बैठी हो मोटी, अब क्या ...रॉकेट में बैठेगी .!!""",0.0143,0.0091,0.0052,2
train-4529,train,0,"Ye tum chori hai jee, tum chori hai jee",चोर है जी ये तु चोर है जी,0.9974,0.9855,0.012,1
train-10381,train,1,"Jab tu roti hai na to bahut si wajah hoti hai, lekin jab main rota hoon to wajah sirf tu hoti hai","""""जब तू रोती है ना बहुत सी वजह होती हैं, लेकिन जब मै रोता हूँ तो वजह सिर्फ तू होती है""""",0.016,0.7819,-0.766,1
train-5910,train,1,"Good morning beta, hamesha khush rhe🙏🙏🙏",🙏🙏🙏गुड मॉर्निंग🙏🙏🙏🙏🙏🙏🙏🙏🙏हमेशा खुशरहो बेटे🙏🙏🙏🙏🙏🙏🙏🙏🙏🙏🙏,0.0043,0.0059,-0.0016,1
train-11365,train,1,"Bhut maza aya, bhut maza aya. Chhane wala hai.",खुप  खुप  छान,0.0052,0.012,-0.0068,1
train-5303,train,1,Pehle ye pata karo airport banwane wala kaun tha,एयरपोर्ट बनवाना किसने सुरु किया था ये पता कर पहले,0.0061,0.9799,-0.9737,1
train-11067,train,1,"Beter se beter ki talash karo, mil jaye to nadi to samundar ki talash karo, toot jata hai shisha pattaar ki chot se, toot jaye pattaar aisa shisha talash karo. 💕❤️❤️❤️❤️❤️❤️","बेहतर से बेहतर कि तलाश करो, मिल जाये नदी तो समंदर कि तलाश करो, टूट जाता है शीशा पत्थर कि चोट से, टूट जाये पत्थर ऐसा शीशा तलाश करो।💕❤️❤️❤️❤️❤️❤️",0.0044,0.9733,-0.9689,1
train-7877,train,0,"Arey ye kapde kyun pahan rahi ho, inko bhi khol do, sharmanak nahi a rahi tumhe waise bhi",अरे यह कपड़े भी क्यों पहन रखी हो इन कपड़ों को भी खोल दो शर्म तो वैसे भी नहीं आ रही तुझे,0.999,0.9951,0.0039,1
train-3973,train,0,Chalo ek saala kutta kam hua,चलो एक साला कुत्ता कम हुआ,0.9956,0.9921,0.0035,1
train-8655,train,1,Pani to saaf hai par double triple. 😄,पानी तो साफ हे पर डबल तीबल।😄,0.0169,0.0236,-0.0067,1
train-13342,train,1,Sabse bda karan ek dusre ko time na dena,सबसे बड़ा कारण एक दूसरे को टाइम ना देना,0.0055,0.0317,-0.0262,1
train-18103,train,1,Bhai ka sapna 😂😂😂 sach ho jaye,भाई का सपना 😂😂😂 सच हो जाए,0.0063,0.4016,-0.3952,1
train-10243,train,1,O meri maa teri old sc mujhe pata nahi chalta,ओ मेरी माँ तेरी ओल्ड sc मुजे पता नही चलता,0.005,0.0061,-0.0011,1
train-18194,train,1,Kya toh jehar ke bejti hai yrr 🤣🤣🤣🤣,कतई जहर की क्या बेजती है yrr 🤣🤣🤣🤣,0.0143,0.0121,0.0022,1
train-15153,train,1,"Kabhi Durga, kabhi Sita hain, kabhi Chandi, kabhi Kali hain, Bharat chhodo deshdrohiyon, ye bhagwa ki laali hain.🚩 #CongressHatesSadhus","कभी दुर्गा कभी सीता हैं, कभी चण्डी कभी काली हैं, भारत छोड़ो देशद्रोहियों, ये भगवा की लाली हैं।🚩  #CongressHatesSadhus",0.9873,0.959,0.0282,1
train-1892,train,0,"2012 se pehle gande chalate the, ab to sher chal raha hai",2012 से पहले चलाते थे गधे अब तो शेर चला रहे हैं,0.9978,0.9875,0.0103,1
train-5980,train,0,Isko beemari kehte hain bhosd ke,इसको बिमारी बोलते हैं भोसड़ी के,0.9992,0.9992,0.0,2
train-5365,train,1,Bahot bahot cute ho aap 🌿💜🌿💜🌿💜🌿💜🌿💜🌿💜🌿💜🌿💜🌿💜🌿💜🌿💜🌿💜🌿💜🌿💜🌿💜🌿💜🌿💜🌿💜🌿💜🌿💜,बहोत बहोत सुन्दर जी 🌿💜🌿💜🌿💜🌿💜🌿💜🌿💜🌿💜🌿💜🌿💜🌿💜🌿💜🌿💜🌿💜🌿💜🌿💜🌿💜🌿💜🌿💜🌿💜🌿💜🌿💜🌿💜🌿💜,0.0043,0.0043,-0.0,1
train-11714,train,0,"Teri chut marunga chaddi wale, jaan se",चड्डी जान के में तेरी चुत मारूगा,0.9992,0.9992,0.0,1
train-2813,train,1,Hi aap kaise ho ji,Hi आप केसे हो जी,0.0049,0.005,-0.0001,1
train-10485,train,1,"Kyunki aap meri baat nahi sunoge to main bhi nahi sunungi, aap bhi apni baat chhod do na",क्यो छोडु बात आप मेरे सवाल का जवाब नहीं दोगे तो मैं भी नहीं दुगी आप भी अपनी बात छोड़ दो,0.0057,0.0108,-0.005,1
train-17852,train,0,"Sulgati reet par paani ki ab dalas nahi, magar ye kab kaha humne ki hume tyas nahi",सुलगती रेत पर पानी की अब दलाश नहीं मगर ये कब कहा हमने कि हमें त्यास नहीं,0.0174,0.0645,-0.0471,1
train-19868,train,1,Ha bhaiya maine delete kar diya hai kisi ne bola tha good night 🌻💮🌻💮🌻🌷🌻💐💓💮💮🌹🌃🌹🌃🌃🌹🌃🌹🌹🌃🌹🌃🌹🌃🌹🌹🌃🌹🌹🌃🌹🌃🌹🌃🌹🌹🌃🌹🌹🌃🌹,हां भैया मैंने डिलीट कर दिया है किसी ने बोला था गुड नाइट🌻💮🌻💮🌻🌷🌻💐💓💮💮🌹🌃🌹🌃🌃🌹🌃🌹🌹🌃🌹🌃🌹🌃🌹🌹🌃🌹🌹🌃🌹🌃🌹🌃🌃🌹,0.0043,0.0043,-0.0,1
train-9526,train,0,Jai jai Bhavani,जय जय भंवानी,0.0049,0.0051,-0.0003,1
train-10129,train,1,Hii tum kahan se ho,Hiiतुम कहां से हो,0.005,0.0048,0.0001,1
train-730,train,0,"Corona bhai tu kitna tdpata hai, tu kitna bheram hai. Is baar mujhe positive kar ke le jao, apna bhai banake fir hum dono duniya walo se choon-choon ke badalayenge 😂🤣",कोरोना भाई तु कितना तडपाता है तु कितना बेरहम है इस बार मुझे पाॅजिटिव कर और ले जा अपना भाई बना कर फिर हम दोनो दुनिया वालो से चुन चुन के बदला लेंगे🤣😂🤪🤣,0.9147,0.9688,-0.0541,2
train-6994,train,0,Jhoot bolte hain harami,झूठ बोलते हैं हरामी,0.9992,0.9944,0.0048,2
train-3199,train,0,"Ab bra pati me bhi naacho, wahi baki re gaya hai, vew jyada milega","अब ब्रा पैटी मे भी नाचो वहीं बाकी रह गया है, vew ज्यादा मिलेगा",0.9992,0.968,0.0312,4
train-14153,train,0,haram ka paisa,हराम का पैसा,0.9984,0.9962,0.0022,2
train-13311,train,0,"Beta kuch padh liya likh liya, pani-pani baadme lo lena",बेटा कुछ पढ लिख लो पानी पानी बाद मे हो लेना,0.9543,0.967,-0.0127,2
train-13681,train,0,Zahari le log ke samne sans ka jehar bhi feeke pad jata hai. Balakat Bollywood.,ज़हरीले लोग के सामने सांप का जहर भी फीका पड़ जाता है।।बायकाट बालीवुड।।,0.9857,0.8929,0.0929,3
train-16249,train,0,"Ye ladki beedi peet hai, uski bra me match stick rakhi hai dekho",यह लड़की बीड़ी पीती है उसकी ब्रा में देखो माचिस रखी है,0.9992,0.9334,0.0658,1
train-5493,train,0,Tarikh gand mar wala mate,तारीख गांड मार वा माटे,0.9993,0.9236,0.0757,4
train-6991,train,0,"Beta bra pahena kar, jab jhukti ho to dhyana aur gyan dono ki watt lag jati hai.",": बेटी ब्रा पहना करो, जब झुकती हो तो ध्यान और ज्ञान दोनों की वाट लग जाती है।",0.9939,0.9486,0.0453,2
train-2301,train,0,Main tumhara chut me dale ka man kar raha hu,तुम्हारे में घुसने का मन कर रहा है,0.9974,0.9984,-0.0011,3
train-9502,train,0,"Beta bhaiya, aap itna chhoti bacchi ho, aise video mat banao, samajh gayi, mummy papa ko bat dungi aapke",बेटा भैया बच्चे हो आप ऐसे वीडियो मत बनाया करो समझी मम्मी पापा को बता दूंगी आपके,0.9913,0.9612,0.0302,1
train-2975,train,0,"Mujhe sharm aati hai aise veeron ko jawan karke, baat goli bombaari ki karte aur haadise mein jhan gava baithe",मुझे शर्म आती है ऐसे वीरों को जवान करते हुए बात गोली बमबारी की करते और हादसे में जान गवा बैठें,0.9972,0.895,0.1022,5
train-2706,train,0,Is ke kisi bhi ek kaam se kisi bhi rajkumar ya chudail ko fayda nahi hai. To phir kyun?,इस किसी भी एक काम से किसी भी राजकुमार या चुडैल  को फायदा नहीं है।तो फिर................?,0.9991,0.9673,0.0317,2
train-3230,train,0,"Aise hi cut rahi hai zindagi sala, jisko pyar do woh dil se jyada nahi hai aur jisko nahi do woh pyar karke baith jata hai",ऐसे ही कट रही है जिंदगी साला जिसको प्यार दो वह दिल से ज्यादा नहीं है और जिसको नहीं दो वह प्यार करके बैठ जाता है,0.9631,0.9324,0.0307,1
train-6665,train,0,"Jaroorat hai ek chudail ki, ghost, jo hamari raton ki nind aur din ka chain udasake 😁😁😁😄😜😄😂😂","जरूरत है एक चुड़ैल,👻 की जो  हमारी रातों की नींद व दिन का चैन उड़ा सके😁😁😁😄😜😄😂😂",0.9905,0.9655,0.025,2
train-6116,train,0,"Ghat ghat par kapde badalne wala, kos kos par baanee, har pradesh me lambi phenkne wala yeh chutiya hai",घाट घाट पर कपड़े बदले कोस कोस पर वाणी हर प्रदेश में लंबी फेंके ये है ऐसा प्राणी,0.975,0.9992,-0.0242,1
