row_id,split,label,text,hindi_text,seed_text,seed_origin,variant,cosine,judge_label,judge_conf,hinglish_abuse,source
synth-train-6912-paraphrase,train,0,Miss Queen aur MD B Khan Indian Army ke sab jati ka regiment hai lekin gaddar bolna wala sirf ek jamat ka hai aur wo pata hai ki kon si jamat hai na,Miss Queen और MD B khan इंडियन आर्मी  सब जाति की रेजिमेंट है लेकीन एक ही जमात की नही है जिन्हें गद्दार बोला जाता है और वो पता है ना कोन सी जमात है,Miss Queen aur MD B Khan Indian Army sab jati ki regiment hai lekin ek hi jamat ki nahi hai jinhone gaddar bola jata hai aur wo pata hai na kon si jamat hai,train_quarantine,paraphrase,0.8631,0,0.9,0.0088,hard_aug
synth-val-3156-paraphrase,train,0,"Chand Mia Mullah hai, Google pe search kar lo",चाँद मियां मुल्ला है गूगल खोजो,"Chand Mia Mullah hai, Google se pucha karo",val_error,paraphrase,0.7641,0,0.85,0.0094,hard_aug
synth-val-4692-mix_hindi_heavy,train,1,Suran ya ola ko kya kehte hain?,सुरन या ओल को क्या कहते हैं?,Suran ya ola ko kya kehte hai?,val_error,mix_hindi_heavy,0.9276,1,0.95,0.0145,hard_aug
synth-train-15575-paraphrase,train,1,"Is, nabaalik bacchi ki shadi kiske bhai ne kiya 😜😀😂😆🤣","इस, नाबालिक बच्ची की शादी किसने कर दी- भाई😜😀😂😆🤣","Is, nabaalik bacchi ki shadi kisne kiya bhai 😜😀😂😆🤣",train_error,paraphrase,0.9079,1,0.8,0.158,hard_aug
synth-val-6532-paraphrase,train,1,"Sher kr diya yaar dost, apun toh pgl lg rha hain.",शेर कर दिया है यार दोस्त,Sher kar diya hai yaar dost,val_error,paraphrase,0.6036,1,0.9,0.9284,hard_aug
synth-train-7206-paraphrase,train,0,Chodna mat chhodna ☺️,चो*दे छोडना मत ☺️,Choda na mat chhodna ☺️,train_quarantine,paraphrase,0.9005,0,0.9,0.0299,hard_aug
synth-train-10948-paraphrase,train,0,Aur ek halala wali team hai to.,और एक हलाला की टीम,Aur ek halala ki team,train_quarantine,paraphrase,0.7542,0,0.9,0.4982,hard_aug
synth-val-6110-obfuscation,train,0,Brohi ph@d dete bhai usko chhod kyun diy@,ब्रा भी फाड़ देता भाई उसको छोड़ क्यों दिया,Brohi phad dete bhai usko chhod kyun diya,val_error,obfuscation,0.878,0,0.85,0.0096,hard_aug
synth-val-5431-paraphrase,train,1,Insta chalao yaar jaldi se,Insta चालू करो यार जल्दी,Insta chalu karo yaar jaldi,val_error,paraphrase,0.7549,1,0.95,0.0146,hard_aug
synth-train-10334-obfuscation,train,0,Jihad karo aur 72 hoor lala dega woh bhi jannat me.,जिहाद करो ओर 72 हुरे लला देगा वो भी जन्नत मे,Jihad karo aur 72 hoor lela dega woh bhi jannat me.,train_quarantine,obfuscation,0.9412,0,0.95,0.9174,hard_aug
synth-train-12088-obfuscation,train,0,"Jo h@r kisiko m@r jaye, usko to m@r hi j@na ch@hiye 😶‍🌫️🤫",जो हर किसी पे मर जाए 🙄🙄🙄 उसे तो मर ही जाना चाहिए 🤫🤫🤫,"Jo har kisiko mar jaye, usko to mar hi jana chahiye 😶‍🌫️🤫",train_quarantine,obfuscation,0.6528,0,0.85,0.0383,hard_aug
synth-val-6532-mix_hindi_heavy,train,1,Sher kar diya hai yaar dost.,शेर कर दिया है यार दोस्त,Sher kar diya hai yaar dost,val_error,mix_hindi_heavy,0.9525,1,0.95,0.0863,hard_aug
synth-val-6133-obfuscation,train,0,"Uski b@dbu se khet me ke sar@ jevj@ntu m@r j@yege,","एसकी बदबू से खेत मे के सारे जीवजंतू मर जायेगे ,","Uski badbu se khet me ke sab jeewan mar jayege,",val_error,obfuscation,0.6141,0,0.95,0.0237,hard_aug
synth-train-5290-paraphrase,train,0,"Abdul teri Fatima main toh hui, maulviyon ke saath soye-soye film bana raha hoon, ye film hit hogi ya flop?","🤣🤣👉👉अब्दुल तेरी फातिमा मैली हो गई, मौलवियों के साथ सोते-सोते😜   फिल्म बना रहा हूं, यह फिल्म हिट होगी या फ्लॉप?🤔🙈","Abdul tere fatima mai li hui, maulviyon ke saath soye-soye filam bana raha hun, ye filam hit hogi ya flop?",train_quarantine,paraphrase,0.8264,0,0.9,0.0236,hard_aug
synth-train-2199-paraphrase,train,0,Koi mere saath inbox me game khelega? Wrong answer dene wala kapade utarna wala game toh badiya hai ✌️😏,कोई मेरे साथ इनबॉक्स में गेम खेलेगी ?  कॉशन का गलत आंसर देने वाला कपड़े उतारेगा वो वाला गेम मस्त है ✌️😜,Koi mere saath inbox me game khelegi? Confusion ka galat answer deke wala kapade utarega wala game mast hai ✌️😜,train_quarantine,paraphrase,0.7576,0,0.8,0.0105,hard_aug
synth-val-5915-paraphrase,train,0,GalatI shantidoot ki ni hai kyunki woh apni Quran par chal rhe. GalatI hinduon ki hai jo aankh hone ke bawjood andhe hai aur budhhi hone ke bawjood budhihin bne hue hai.,*🛑गलती शांतिदूत की नही है क्योंकि वह अपनी कुरान पर चल रहे है ।*  *गलती हिन्दुओं की है जो 🤨आँख होते हुऐ भी अंधे है और 🤔बुद्धि होते हुऐ बुद्धि हीन बने है*,GalatI shantidoot ki nahein hai kyunki woh apni Quran par chal rhe hai. GalatI hinduon ki hai jo aankh hote hue bhi andhe hai aur budhi hote hue bhi budhihin banaye hue hai.,val_error,paraphrase,0.7911,0,0.9,0.0959,hard_aug
synth-train-15703-obfuscation,train,0,Pagal l@dk! mujhe m@rwaye.gi,पागल लड़की मुझ से मरवाएगी,Pagal ladki mujhe marwayegi,train_quarantine,obfuscation,0.5819,0,0.9,0.1585,hard_aug
synth-train-8106-paraphrase,train,0,Aap jaise ladki ke karan society kaat rahi hai kharab,आप जैसी लड़की की वजह से समाज खराब हो रहा है,Aap jaisi ladki ke karan samaj kharaab ho raha hai,train_quarantine,paraphrase,0.6499,0,0.95,0.2937,hard_aug
synth-train-6314-contrastive,train,1,"Aaj apni maatri-bhoomi ka baten wale gaddar ke maut ka din hai... Ham Bhagat, Sukhdev, Azad jaise deshbhakt ke diwane hain, batwara karna wale charakhe wale ke nahi...","*आज अपनी मातृभूमि के बाटने वाले गद्दार का जन्मदिन हैं...*   *हम भगत, सुखदेव, आजाद जैसे देशभक्त के दीवाने हैं, बटवारा करने वाले चरखे वाले के नहीं...*","Aaj apni maatri-bhoomi ka baten wale gaddar ka janamdivas hai... Ham Bhagat, Sukhdev, Azad jaise deshbhakt ke diwane hain, batwara karna wale charakhe wale ke nahi...",train_quarantine,contrastive,0.9471,1,0.9,0.9799,hard_aug
synth-train-16973-paraphrase,train,0,"Bro sab kuchh toh sahi hai but pahle naakhoon khaaye yaar, kato lo",भाई सब तो ठीक है पर पहले नाखून काट लो,"Bhai sab toh thik hai par pehle naakhoon khaate ho yaar, kato lo",train_quarantine,paraphrase,0.6176,0,0.85,0.0585,hard_aug
synth-train-8270-mix_hindi_heavy,train,1,"Kya gazab hai na, Delhi wali dil de rahi hai, Patna wali pat rahi hai... Uttarakhand wali ne bhi uttar dena band kar diya hai... 😎😎😎 😂😂😂","😎😎😎  क्या गजब है   ना दिल्ली वाली दिल दे रही है,   ना पटना वाली पट रही है..!   उत्तराखंड वाली ने भी उत्तर देना बंद कर दिया है...  😉😉😉😂😂😂","Kya gazab hai na, Delhi wali dil de rahi hai, Patna wali pat rahi hai... Uttarakhand wali ne bhi uttar dena band kar diya hai... 😎😎😎 😄😄😄",train_error,mix_hindi_heavy,0.9837,1,0.95,0.0826,hard_aug
synth-val-3012-paraphrase,train,1,"Bachcharo log sales man ki cunning ke shikaar ho jaate hai, ap bhi to ho na isme.",Sales man की चतुराई के शिकारी बनते है बेचारे उसमें आप भी हो न,"Bachcharo sales man ki chaturai ke shikaari ban jaate hai, ap bhi ho na isme.",val_error,paraphrase,0.762,1,0.9,0.9334,hard_aug
synth-train-10589-paraphrase,train,1,"Ek ladka bechara, gham ka mara galiyon mein phir raha tha bana ke aawara. Apni maa ka tha woh dulara, par ek ladki ke pyaar mein apna dil haar gaya. Chor ke chali gayi woh ladki jo uski nahi thi, uske naam ke liye de diya jeevan apna saara. Na jaae kaise ho jaye ab uske gujar ka, koi to hoga jo de sake sahara. Ek ladka bechara gham ka mara galiyon mein phir raha tha bana ke aawara 😜😜🤣🤣🤪🥰 Good afternoon 🥰",एक लड़का बेचारा गम का मारा गलियों में फिरता था बन के आवारा अपनी मां का था वह दुलारा पर एक लड़की के प्यार में वो अपना दिल हारा छोड़ कर चली गई वो लड़की उसे जिसके नाम कर दिया जीवन अपना सारा ना जाने कैसे होगा अब उसका गुजारा कोई तो होगा जो देगा सहारा एक लड़का बेचारा गम का मारा गलियों में फिरता था बन के आवारा 🥰🥰🤣🤣🤣🤪🤪🤪😜😜  Good afternoon 🥰,"Ek ladka bechara, gham ka mara galiyon mein phir raha tha, bana ke aawara. Apni maa ka tha woh dulara, par ek ladki ke pyar mein woh apna dil haar gaya. Chor ke chali gayi woh ladki, jo uski nahi thi, uske naam ke liye de diya jeevan apna s",train_error,paraphrase,0.982,1,0.95,0.887,hard_aug
synth-train-6919-obfuscation,train,0,You're as beautiful as your g@nd is!,जितनी खूबसूरत आप हो उतना ही खूबसूरत आपका figure bhi hai,You're as beautiful as your figure is!,train_error,obfuscation,0.8486,0,0.9,0.02,hard_aug
synth-train-462-mix_hindi_heavy,train,1,Ek gāv me bijli āni thi... log khush hone se nache lage! Ek kutta bhi nache la ga...! Kisi ne pūnā: tu kyūṁ nāc raha hai...? Kutta bola: kambey to lage bhi yār 😜😂,एक गाँव में बिजली आनी थी... लोग खुश होकर नाच रहे थे! एक कुत्ता भी नाचने लगा..!  किसी ने पूछा: तू क्यूँ नाच रहा है...? कुत्ता बोला: खंबे भी तो लगेंगे🤓🤓😂🤓🤓,Ek gaon me bijli aane wali thi... log khush hone se nache lage! Ek kutta bhi nache laga...! Kisi ne pucha: tu kyun naach raha hai...? Kutta bola: kambey to lagenge bhi yaar 😜😂,train_error,mix_hindi_heavy,0.8647,1,0.95,0.9394,hard_aug
synth-val-2861-obfuscation,train,0,"Dh@kkan kahan ke, yahan se dafa ho jao","ढक्कन कहीं के, दफा हो यहाँ से","Dhaakkan kahan ke, yahan se dafa ho jao",val_error,obfuscation,0.9307,0,0.9,0.0071,hard_aug
synth-val-4990-paraphrase,train,1,"Ishq kiya tha humne bhi, hum bhi raton me jagate the tha koi jiska baad hum nange paan chale the❤❤❤",इश्क़ किया था हमने भी हम भी रातों को जागे थे  था कोई जिसके पीछे  हम नंगे पांव भागे थे❤❤❤,"Ishq kiya tha humne bhi, hum bhi raton ko jagaye the tha koi jiski baad hum nange paan chale the❤❤❤",val_error,paraphrase,0.9296,1,0.95,0.0232,hard_aug
synth-train-9282-paraphrase,train,0,Tu zindagi tabah kar ke rakh diya hai saali.,जिंदगी तबाह कर के रख दिया है साली,Zindagi tabah kar ke rakh diya hai saali,train_quarantine,paraphrase,0.9296,0,0.95,0.0218,hard_aug
synth-train-19544-paraphrase,train,1,"Bhai main bhi Hindu hoon lekin main aapke is hinsak bayaan bazi ke khilaaf hoon. Kyunki Hindu ke kisi granth me ye nahi hai ke kisi ko uske rabba ke saamne rokna chahiye, balki Hindu granthon me ye likha hai ke aisa karna paap hai aur Quran me bhi ye hi hai. Bas kuch dogle logon ki wajah se Hindu aur Muslim dono religiously badnama ho gaye.",भाई मैं भी हिन्दू हूँ पर मैं आपके इस हिंसक ब्यान बाज़ी के खिलाफ हूँ क्योंकि हिन्दू के किसी ग्रंथ मे ये नहीं लिखा के किसी को उसके रब्ब का सजदा करने से रोका जाए ब्लकि हिन्दू ग्रंथों के अनुसार ऐसा करना पाप है और यही कुछ कुरान मे भी लिखा है  बस कुछ दोगले लोगों के कारण हिन्दू और मुस्लिम दोनों बदनाम है,Bhai main bhi Hindu hoon par main aapke is hinsak bayaan bazi ke khilaaf hoon kyunki Hindu ke kisi granth me ye nahi likha ke kisi ko uske rabba ka sajdha karna se roka jaye balki Hindu granthon ke anusaar aisa karna paap hai aur yahi kuch ,train_error,paraphrase,0.886,1,0.95,0.7225,hard_aug
synth-val-4832-obfuscation,train,0,"Shadi karni thi to g@y se kyu, jaisa g@rwal@ hai usse karni ch@hiye thi",शादी करनी थी तो गाय से क्योंकि बैल से करनी चाहिए थी,"Shadi karni thi to gai se kyu, jaisa gharwala hai usse karni chahiye thi",val_error,obfuscation,0.8482,0,0.9,0.0298,hard_aug
synth-train-14385-obfuscation,train,0,Agar maine chhodni hai to C@ngres laana padega,अगर मैंगाई छोडनि है तो  कांग्रेस लाना होगा,Agar maine chhodni hai to Congress laana padega,train_error,obfuscation,0.9033,0,0.85,0.9133,hard_aug
synth-train-9370-paraphrase,train,0,Aur teri biwi ki laga hai 🤪🤪🌼🕊️💖🎲📱💯💮💋🎉🍌📲🍭🍭,और तेरी बहन की लगी है 🤪🤪🌻🕊️💞🎲📲💯💮💋🎊🍌📲🍭🍭,Aur teri behen ki laga hai 🤪🤪🌻🕊️💞🎲📲💯💮💋🎊🍌📲🍭🍭,train_error,paraphrase,0.6118,0,0.8,0.7537,hard_aug
synth-val-18-paraphrase,train,0,"Aapko pata hai chedna kise hota hai, bahun mein bhare chedne ka bharpur anand lena.",आप को पता है छेड़ा किसे जाता है बाहों में भर कर छेड़ने का भरपुर आनंद लेना,"Aapko pata hai chedna kise jata hai, bahun mein bhare chedne ka bharpur anand lena",val_error,paraphrase,0.9485,0,0.95,0.0157,hard_aug
synth-train-15732-paraphrase,train,0,"Hindu ko mota kehne wala sabse bada mota sur ki baccha hai, Jai Shree Ram",हिंदुओं को मूर्ख कहने वाले सबसे बड़ा मूर्ख सूअर की औलाद है जय श्री राम,"Hindu ko mota kehane wala sabse bada mota sur ki aulad hai, Jai Shri Ram",train_quarantine,paraphrase,0.8385,0,0.95,0.9882,hard_aug
synth-train-11048-mix_hindi_heavy,train,1,"Pura wakt kame hi nikal doge to rest kabhie karo ge, sharir jab sukh se rhega tab agle ka sukh prapt hoga.",पूरा वक्त काम में ही निकाल दोगे तो रेस्ट कब करोगे शरीर जब सुख से रहेगा तभी ना आगे का सुख प्राप्त होगा,"Pura wakt kam mein hi nikal doge toh rest kab karo ge, sharir jab sukhe se rehenga tab na agle ka sukha prapt hoga",train_error,mix_hindi_heavy,0.8124,1,0.95,0.9692,hard_aug
synth-val-6250-paraphrase,train,1,"Meri bestie... jab bhi yaad aati hai tumhara 😢, tabhi toh paas wali kuttiya 🐕 ko biscuit 😁 deke apni feelings ko manage karta hu 😂🙈😅🤦‍♂️",मेरी bestii..  जब भी तुम्हारी याद आती है 😢 पड़ोसी की कुत्तिया 🐕को बिस्कुट 😁 खिला आता हूं😂🙈😅🤦‍♂️,"Meri bestie... jab bhi tumhari yaad aati hai 😢, paas ki kuttiya 🐕 ko biscuit 😁 khila aata hoon😂🙈😅🤦‍♂️",val_error,paraphrase,0.7041,1,0.95,0.9138,hard_aug
synth-train-9753-obfuscation,train,0,Bobe l@tk gaye bhabhi ji aapke,बोबे लटक गये भाभी जी आपके,Bobe latka gaye bhabhi ji aapke,train_quarantine,obfuscation,0.8198,0,0.85,0.0807,hard_aug
synth-train-6600-paraphrase,train,0,"Isi baat ko dusre dharam me jake keh do, hindu dharam teri gand me ugali karta hai kya",इसी बात को दूसरे धर्म मे भी जा के कहो हिन्दू धर्म हि तेरी गांड मे ऊगली करता हे क्या,"Isi baat ko dusre dharma me bhi ja ke kehna, hindu dharma hi teri gand me ugali karti hai kya",train_quarantine,paraphrase,0.7434,0,0.95,0.9973,hard_aug
synth-train-15863-paraphrase,train,0,"Pagal ho gayi kya body par, dadi ma?",भूत आ गया क्या बॉडी पर दादी माँ,"Bhoot a gaya kya body par, dadi ma?",train_quarantine,paraphrase,0.6934,0,0.9,0.9347,hard_aug
synth-val-3768-paraphrase,train,0,Agar talent hai to dikhao par apna body mat dikhao. Bhai ye ladki to itni badi hai jitni uski kapade ki size.,टैलेंट है तो दिखाओ मगर अपना बदन मत दिखाओ इसके ओके भाई जी यह बच्चे इतनी छोटी नहीं है जितने छोटे इसके कपड़े हैं,"Talent hai to dikhao par apna badan mat dikhao. Iske ok bhai ji, ye bacchi itni chhoti nahi hai jitni chhoti uski kapade hai.",val_error,paraphrase,0.7035,0,0.85,0.9719,hard_aug
synth-val-3899-obfuscation,train,0,"Aurat k. seal jo ek baar toot jaye woh jo nahi skti, woh jo nahi skti.",औरत की है सील जो एक बार टूट जाए जो जोड़ नहीं सकती,"Aurat ki seal jo ek baar toot jaye woh jo nahi sakti, woh jo nahi sakti.",val_error,obfuscation,0.8845,0,0.9,0.0136,hard_aug
synth-val-3899-mix_english_heavy,train,0,"Aurat ki seal jo ek baar toot jaye, jo joint nahi sakti, jo joint nahi sakti.",औरत की है सील जो एक बार टूट जाए जो जोड़ नहीं सकती,"Aurat ki seal jo ek baar toot jaye woh jo nahi sakti, woh jo nahi sakti.",val_error,mix_english_heavy,0.7796,0,0.9,0.1202,hard_aug
synth-train-20014-mix_english_heavy,train,0,"Aise people jo police mein nahi fit hain unki soch kya hai, unko straight death sentence di jaye, kya unki baare mein hum kuch sochte hai?",ऐसे  लोगो को तो पुलिस में  नहीं  सीधा  मोत की सजा  दे देनी चाहिए  वो  सोच ते क्या  दुसरो के बारे  में  तो हम कु सोचे,"Aise log jo police mein nahi, unko straight death sentence di jaye, unki soch kya hai, dusron ke baare mein to hum kuch sochte hai",train_error,mix_english_heavy,0.8491,0,0.9,0.7176,hard_aug
synth-train-20094-obfuscation,train,0,Lagta hai s@ar h@i,लगता है सुअर है,Lagta hai suar hai,train_quarantine,obfuscation,0.7217,0,0.9,0.0162,hard_aug
synth-train-8945-paraphrase,train,1,"Raat me meri baat sun ke so jao, khidki thoda ari se khol ke so jao, main tumhare sapne me aane wali hu, toh thodi jagah chhod ke so jao. Good Night 🦅◤✞Mr.India✞◥🦅","💐🌺🍀🌷🌴🌼☘🌷💐🌻🌺 रात को मेरा नाम ले के सोया करो, खिड़की को थोड़ा खोलकर के सोया करो, हम आयेंगे तुम्हारे सपनो में, इसलिए थोड़ी जगह छोड़ के सोया करो। Good Night 💐🌺🍀🌷🌴🌼☘🌷💐🌻🌺 🦅◤✞𝕸𝖗.𝖎𝖓𝖉𝖎𝖆✞◥🦅💐🌺🍀🌷🌴🌼☘🌷💐🌻🌺 रात को मेरा नाम ले के सोया करो, खिड़की को थोड़ा खोलकर के सोया करो, हम आयेंगे तुम्हारे सपनो में, इसलिए थोड़ी जगह छोड़ के सोया करो। Good Night 💐🌺🍀🌷🌴🌼☘🌷💐🌻🌺 🦅◤✞𝕸𝖗.𝖎𝖓𝖉𝖎𝖆✞◥🦅","Raat ko mera naam le ke soya karo, khidki ko thoda khole ke soya karo, hum ayenge tumhare sapnon mein, isliye thodi jagah chhod ke soya karo. Good Night 🦅◤✞Mr.India✞◥🦅",train_quarantine,paraphrase,0.5621,1,0.9,0.0052,hard_aug
synth-train-5012-obfuscation,train,0,Dekho kaise hindu logo ko m@okh bana diya jata hai,देखो हिंदुओं को कैसे मूर्ख बनाया जाता है,Dekho kaise hindu logo ko mookh bana diya jata hai,train_error,obfuscation,0.9423,0,0.85,0.6207,hard_aug
synth-train-10023-mix_hindi_heavy,train,1,"Do saal ke baad car ko band kar diya jata hai, usi tarah govt job wale ko bhi 10 saal ke baad band kar diya jaye.",10 साल के बाद में कार को बंद कर रहे है उसी प्रकार 10 साल के बाद में सरकारी नौकरी करने वाले को भी बंद कर देना चाहिए,"10 saal ke baad me car ko band karne wala hai, usi tarah 10 saal ke baad government job wale ko bhi band kar diya jaye.",train_error,mix_hindi_heavy,0.875,1,0.8,0.5213,hard_aug
synth-train-11667-paraphrase,train,0,"Ha yar randi rakshas raj kar raha hai, kaha se pujapur paath hoga jo hame bhi nahi ja raha hai. Sabko kuch nahi mela, mera to chhine le gaye randi rajchaasne ki puri biradri mana raha hai. Puri biradri tabhi to pujapur shuru hoga.",हां यार रंडी राक्षस राज कर रहे हैं पूजा-पाठ कहां से हो जाएगा हमारे भी नहीं जा रहे हैं सब को सब कुछ नहीं मिला मेरा तो छीन ले गए रंडी राजचासन की पूरी बिरादरी माननी है पूरी बिरादरी जब होगी पूजा शुरु सब क,"Ha yaar randi rakshas raj kar rahe hain, pooja-paath kahan se hoga jo hame bhi nahi ja raha hai. Sab ko kuch nahi mila, mera to chhiin le gaye randi rajchaasne ki puri biraderi manani hai. Puri biraderi jab hoga to pooja shuru sab ko.",train_quarantine,paraphrase,0.8088,0,0.95,0.9977,hard_aug
synth-train-10185-paraphrase,train,1,Aajkal ke students = 2 ghanta T.V. → 3 ghanta Facebook → 12 ghanta WhatsApp → 1 ghanta so jaate hai → 6 ghanta padhai → Pata nahi aapko maalum hai ki aap bhi to social media me hi time waste kar rahe ho 😆😆😆😆😆😆😆😆😆😆,आजकल के विद्यार्थी =  📺 T. V.               →    2 घंटा  🎭 Facebook     →    3 घंटा  📲 WhatsApp    →    12 घंटा  👬 मित्र                  →    1 घंटा  😴 सोना                →    6 घंटा  📖 पढ़ाई               →      🔔    बुरा मत मानो क्योंकि आप इस समय भी तो सोशल मीडिया ही चला रहे हो  😆😆😆😆😆😆😆😆😆😆,Aajkal ke vidyaarthi = 📺 T.V. → 2 ghanta 🎭 Facebook → 3 ghanta 📲 WhatsApp → 12 ghanta 👬 mitra → 1 ghanta 😴 soona → 6 ghanta 📖 padhai → 🔔 Buraa mat maano kyunki aap is samay bhi to social media hi chala rahe ho 😆😆😆😆😆😆😆😆😆😆,train_error,paraphrase,0.8169,1,0.95,0.0296,hard_aug
synth-train-5870-paraphrase,train,1,"Bhabhi ji, yaar kya ho raha hai tumse?",भाभी जी क्या खूब हो,"Bhabhi ji, kya ho raha hai aapke saath?",train_error,paraphrase,0.6667,1,0.95,0.852,hard_aug
synth-val-5407-obfuscation,train,0,Dele5e karo suvar ke,डिलीट करो सुवर के,Delete karo suwar ke,val_error,obfuscation,0.7,0,0.8,0.2638,hard_aug
synth-train-4909-paraphrase,train,0,"Bolo apni maa se, gufa wale, meri baap ka bhi le, man bhara hai toh🤣🤣🤣🤣🤣",अपनी मां से बोलना गुफाओं से मन भर गया हो तो मेरे बाप का भी lele🤣🤣🤣🤣🤣,"Apni maa se bolna, gufa wale, meri baap ka bhi lele, man bhara hai toh🤣🤣🤣🤣🤣",train_quarantine,paraphrase,0.929,0,0.9,0.7599,hard_aug
synth-val-2118-paraphrase,train,1,"Jab ishq shuruaat ho jata hai tab ma-baap ko kuch nahi pata, jab dil kheens ho jata hai tab to darra aandar se mar deta hai. Kisi bacche, ladki ka, ladka ka, ma-baap ke jismein lag kar rote hain, sirf ped ya bathroom mein takia ke piche raat ko chup chup rote hain.",जब इश्क होता ना मां बाप को नहीं पता होता जब दिल टूटता है ना तो दर्द अंदर ही अंदर घुट के मार देता है कोई बच्चा कोई लड़की कोई लड़का मां बाप के सीने से लगी कोई रोता सिर्फ पेड़ या बाथरूम में रात को तकिए के छुप छुप के रोना पड़ता है,"Jab ishq hota hai toh ma-baap ko kuchh nahi pata, jab dil toot jata hai tab toh darra andar hi andar ghus kar mar deta hai. Koi baccha, koi ladki, koi ladka, ma-baap ke seen se lag ke rota hai, sirf ped ya bathroom mein raat ko takia ke pic",val_error,paraphrase,0.8147,1,0.95,0.0209,hard_aug
synth-train-13336-obfuscation,train,0,"Fakey ke ammi kehte the ch0rAi bad hai, phir bhi g@hne ch*r ke le gaya 😂😂😂😂😂🤪",फेकू की अम्मी कहती थी चोरी करना बुरी बात हे फिर भी गहने चुरा कर ले गया 😂😂😂😂😂🤪,"Fakey ke ammi kehte the chorai bad hai, phir bhi gahane chor ke le gaya 😂😂😂😂😂🤪",train_quarantine,obfuscation,0.8736,0,0.85,0.9448,hard_aug
synth-val-5364-mix_english_heavy,train,0,Jute se hi masjid band ho jaye toh better,जूतियां मस्जिद बंद हो जाए वही अच्छा,Jute se masjid band ho jaye wahi achha,val_error,mix_english_heavy,0.684,0,0.9,0.1979,hard_aug
synth-train-9789-obfuscation,train,0,"Kya baat hai ye pr sre sura jma hai jo a@la hola lodh@, jai shree ram",क्या बात है यह पर सारे सूअर जमा है जो अला हो लोड़ा        जय श्री राम,"Kya baat hai ye par sare sura jam hai jo ala hola lodha, jai shree ram",train_quarantine,obfuscation,0.8285,0,0.9,0.0292,hard_aug
synth-val-2669-paraphrase,train,1,Kuchh Chinese ya china jaise log hamari Indian army ka kuchh nahi todh payenge.,कुछ चीनी ओर कुछ चाइना जैसे लोगो हमारी इंडियन आर्मी का कुछ नहीं बिगड़ा पाएंगे,Kuchh Chinese or china jaise log hamari Indian army ka kuchh nahi bigad paayenge.,val_error,paraphrase,0.8776,1,0.9,0.2377,hard_aug
synth-train-11467-paraphrase,train,0,"Beti ladkon se important hoti hai, har kam me beti ko pyar karna. Kuch samay aapke saath rehti hai, phir dusre ke ghar chali jati hai.",बटी लडको से अहम होती है हर काम में बटी को प्यार करना कुछ समय आपके साथ रहती है फिर दूसरे की घर चली जाती हैं,"Beti ladkon se aham hoti hai, har kam me beti ko pyar karna. Kuch samay aapke saath rehti hai, phir dusre ke ghar chali jati hai.",train_quarantine,paraphrase,0.9581,0,0.8,0.0126,hard_aug
synth-train-7393-obfuscation,train,0,N@ngi ho j@ jab aur j@yda achcha l@gega,नंगी हो जा जब और जायदा अच्छी लगेगी,Nangi ho ja jab aur jayda accha lagega,train_quarantine,obfuscation,0.6121,0,0.9,0.0234,hard_aug
synth-train-884-paraphrase,train,0,"Bhut sexy hai, jada hot hai, kisi ne to thanda kardo ise.",बहुत सेक्सी है ज्यादा हॉट है इसको ठंडा करो कोई,"Bahut sexy hai, jyada hot hai, isko thanda kar do koi.",train_quarantine,paraphrase,0.7025,0,0.85,0.2805,hard_aug
synth-train-12397-contrastive,train,0,Aisa chutkula bhejo ki man bha jaye Banty Sen ke naam se phir na kare,ऐसा चुटकुला भेजो कि मन भा जाए बंटी सेन के नाम से,Aisa chutkula bhejo ki man bha jaye Banty Sen ke naam se,train_error,contrastive,0.9093,0,0.8,0.0436,hard_aug
synth-val-3119-paraphrase,train,0,Hey ek pagal rey,ही ऐक पागल,Hey ek pagal,val_error,paraphrase,0.8845,0,0.85,0.241,hard_aug
synth-train-12546-paraphrase,train,1,Kanddi wale ki khaansi to badi gari ho jayegi,कंजडी वाड की खांसी बड गरी होगी,Kanddi wale ki khaansi badi gari hogi,train_error,paraphrase,0.8409,1,0.8,0.9634,hard_aug
synth-val-933-paraphrase,train,0,xxxnx karna yai wala ka 😍😍🥰,😍😍😍🥰 xxxnx करायला येऊ का😍😍😍,xxxnx karna yeh wala ka 😍😍😍🥰,val_error,paraphrase,0.8476,0,0.95,0.9925,hard_aug
synth-train-17022-mix_hindi_heavy,train,1,"Main saam mein baat karta hun, dukan ke saamana ki gadi a gayi hai, saman utarna wale larki hai nahi.","साम में बात करुगा ,दुकान के सामान की गाड़ी आ गयी है समान उतरबा दू लड़के है नही","Main saam mein baat karta hun, dukan ke saamana ki gadi a gayi hai, saman utarwale ladke hai nahi",train_error,mix_hindi_heavy,0.9217,1,0.95,0.0442,hard_aug
synth-train-13143-paraphrase,train,0,Garam ho rahi hai saali,गरम आती है साली,Garam aati hai saali,train_quarantine,paraphrase,0.6994,0,0.95,0.3639,hard_aug
synth-val-2472-paraphrase,train,0,"Makkha walo makkh jao, khuda to mubin mein milega, yahan to hanuman ke bhakhton ki hai gali, ram har dil mein milega, jai shri ram 🚩🚩🚩🚩🚩🚩🕉️",मक्का वालों  मक्का जाओ  खुदा मिलेंगे मदीने में  यहां तो हनुमान के दीवाने हैं राम मिलेंगे  हर सीने में   जय श्री राम 🚩🚩🚩🚩🚩🚩🕉️,"Makkha walo makkha jao, khuda milega madine mein, yahan to Hanuman ke devotee hain, Ram milega har seen mein, Jai Shri Ram 🚩🚩🚩🚩🚩🚩🕉️",val_error,paraphrase,0.7432,0,0.95,0.0144,hard_aug
synth-train-10554-contrastive,train,1,Saccha batana kitne logon ka pichawada me jala hua hai.,सच बताना कितने लोगो का pichawada मे जलन हुई 😂😂😂  🙏🙏🙏,Saccha batana kitne logon ka pichawada me jala hua hai 😂😂😂 🙏🙏🙏,train_quarantine,contrastive,0.9134,1,0.9,0.9126,hard_aug
synth-train-10905-mix_hindi_heavy,train,1,"Ye sab stress ke kaaran hota hai, bahut pressure hota hai unpar aur chuttiya bhi nahi mileti, bahut bura hua 😔","ये सब स्ट्रेस के कारण होता है बहोत प्रेशर होता है उनपर और छुट्टीया भी नहीं मीलती , बहोत बुरा हुआ 😔","Ye sab stress ke karan hota hai, bahut pressure hota hai unpar aur chuttiya bhi nahi mileti, bahut bura hua 😔",train_error,mix_hindi_heavy,0.9901,1,0.95,0.0635,hard_aug
synth-val-3413-paraphrase,train,1,Ye sanskaar hai Modi saab ke,ये संस्कार है मोदी जी के,Ye sanskaar hai Modi ji ke,val_error,paraphrase,0.8235,1,0.8,0.9326,hard_aug
synth-train-18024-obfuscation,train,0,"Nahi koi shayad nahi ho y@r, shuru se @cch@ nahi l@g@, kuch bhi nahi h@i, @cch@ nahi l@g@, nahi m@nt@, nahi m@nt@, nahi m@nt@, nahi m@nt@, nahi m@nt@, nahi m@nt@, nahi m@nt@, nahi m@nt@, nahi m@nt@, nahi m@nt@, nahi m@nt@, nahi m@nt@, nahi m@nt@, nahi m@nt@, nahi m@nt@, nahi m@nt@, nahi m@nt@, nahi m@nt@, nahi m@nt@, nahi m@nt@, nahi m@nt@, nahi m@nt@, nahi m@nt@, nahi m@nt@, nahi m@nt@, nahi m@nt@, nahi m@nt@, nahi m@nt@, nahi m@nt@, nahi m@nt@",न कोई ़श़श़श के ़ न न न हो यार शुरू ़श़व़व़़व़व़ ़व़व़वव़व़व़व़व़व़व़व़व़वव़व़वव़व़व़व़व़व़़ओव़़व़व़धव़व़व़व़़व़व़व़व़ोव़व़व़व़़वौशौशौशन औशौ  औ  औश शननशौश श नौ श श औ औंऔ शन औऔ  श श   औश  शौऔशन श शंऔ  श शशौश शं औश न श श शं श श औश नौ ंऔ   ओश श शं शं शं शौनक श  श औ औ औ औ शन श श शं औशौ शौशशौशौ शौशशौ औ  औ नन श शंऔ औ शौशशौऔश श शौशंऔशं  ओ ओ न औश नन्ही यक्षतछ,"Nahi koi shayad nahi ho yaar, shuru se accha nahi laga, kuch bhi nahi hai, accha nahi laga, nahi manta, nahi manta, nahi manta, nahi manta, nahi manta, nahi manta, nahi manta, nahi manta, nahi manta, nahi manta, nahi manta, nahi manta, nahi",train_error,obfuscation,0.5508,0,0.8,0.8938,hard_aug
synth-val-4974-paraphrase,train,1,"Aap kuch bhi keh sake yaar, teri aawaj bahut theek hai, theek theek!",कुछ भी कहो यार तुम्हारी आवाज बहुत धाकड़ है,"Kuch bhi kahyo yaar, teri aawaj bahut thakad hai",val_error,paraphrase,0.5686,1,0.95,0.0063,hard_aug
synth-val-5438-paraphrase,train,1,"Yogi ji door se aayenge, Akhileshji ko chunav ladaane se mana kar diya hai.","योगीजी दुवारा आएंगे ,अखिलेशजी चुनाव लडने से मना कर दिये हैं ।","Yogiji dwaara aayenge, Akhileshji chunav ladne se mana karein diya hai.",val_error,paraphrase,0.7543,1,0.9,0.0305,hard_aug
synth-train-17022-paraphrase,train,1,"Main saam me baat kr rha hun, dukan ke saamana ki gadi a gyi hai, saman utarwale larki hai nahi","साम में बात करुगा ,दुकान के सामान की गाड़ी आ गयी है समान उतरबा दू लड़के है नही","Main saam mein baat karta hun, dukan ke saamana ki gadi a gayi hai, saman utarwale ladke hai nahi",train_error,paraphrase,0.8679,1,0.95,0.9623,hard_aug
synth-train-10589-mix_hindi_heavy,train,1,"Ek ladka bechara gham ka mara galiyon mein phir raha tha bana ke aawara. Apni ma ka tha woh dulera, par ek ladki ke pyar mein woh apna dil haar gaya. Chor ke chali gayi woh ladki, jo uski nahi thi, uske naam ke liye de diya jeevan apna sar. Na jaane kaise ho jaye ab uske gujar ka, koi to hoga jo de sake sahara. Ek ladka bechara gham ka mara galiyon mein phir raha tha bana ke aawara 😜😜🤣🤣🤪🤪🥰 Shubh aadibak 🥰",एक लड़का बेचारा गम का मारा गलियों में फिरता था बन के आवारा अपनी मां का था वह दुलारा पर एक लड़की के प्यार में वो अपना दिल हारा छोड़ कर चली गई वो लड़की उसे जिसके नाम कर दिया जीवन अपना सारा ना जाने कैसे होगा अब उसका गुजारा कोई तो होगा जो देगा सहारा एक लड़का बेचारा गम का मारा गलियों में फिरता था बन के आवारा 🥰🥰🤣🤣🤣🤪🤪🤪😜😜  Good afternoon 🥰,"Ek ladka bechara, gham ka mara galiyon mein phir raha tha, bana ke aawara. Apni maa ka tha woh dulara, par ek ladki ke pyar mein woh apna dil haar gaya. Chor ke chali gayi woh ladki, jo uski nahi thi, uske naam ke liye de diya jeevan apna s",train_error,mix_hindi_heavy,0.9742,1,0.95,0.8893,hard_aug
synth-train-9380-obfuscation,train,0,Chud@iL kitthe h0 aa j@0 n@,चुड़ैल kitthe हो aa जा,Chudail kitthe ho aa jao na,train_quarantine,obfuscation,0.5556,0,0.9,0.8306,hard_aug
synth-val-5759-obfuscation,train,0,Gajab ki m@smi hai,गजब की मोस्मी  ह,Gajab ki mosmi hai,val_error,obfuscation,0.8333,0,0.8,0.0147,hard_aug
synth-train-3428-paraphrase,train,0,Beta tumhara mtlb hai desdrohi hai saala,देश द्रोही है साला,Desdrohi hai saala,train_quarantine,paraphrase,0.7298,0,0.9,0.9451,hard_aug
synth-train-1161-obfuscation,train,0,"Aaj ek #bl1nd_devote naye mujhe duniya ke sabse bekar threat de dalwaya, bola jyada paresaan karega to #m@rriage kar lungi tera se",आज एक  #अंधभक्तिन ने मुझे दुनिया की सबसे भयानक  धमकी दे डाली बोली ज्यादा परेशान करेगा तो #शादी  कर लूंगी तेरे से,"Aaj ek #blind_devote naye mujhe duniya ke sabse bekar threat de dalwaya, bola jyada paresaan karega to #marriage kar lungi tera se",train_quarantine,obfuscation,0.9589,0,0.9,0.0278,hard_aug
synth-train-17412-paraphrase,train,0,Gai ban gayi bhains,भैंस बनी गाय,Bhains ban gayi gai,train_quarantine,paraphrase,0.8645,0,0.9,0.9867,hard_aug
synth-train-688-obfuscation,train,0,"Sal@ s@kl@ bh@turuje jaisi h@i, aur 🤣🤣🤣🤣🤣😁😁😁🤣🤣🤣",साला सकल भठूरे जैसी हैँ और 🤣🤣🤣🤣🤣😁😁😁🤣🤣🤣,"Sala sakal bhathure jaisi hai, aur 🤣🤣🤣🤣🤣😁😁😁🤣🤣🤣",train_quarantine,obfuscation,0.6612,0,0.9,0.0226,hard_aug
synth-train-296-obfuscation,train,0,Poonam ji mujhe raj ka l.ng send karo,पुनम जी मुझे राज का लिंग सेड करों,Poonam ji mujhe raj ka ling send karo,train_quarantine,obfuscation,0.9231,0,0.9,0.0312,hard_aug
synth-train-3246-contrastive,train,1,"Diesel petrol to kya chappal underwear tak mahenga ho jayega na, nange pare reh lenge par bhi BJP ko hi vote kareinge 🌹🌹🌹 Vote for BJP 🌹🌹🌹 🙏🙏🙏 Jay shri ram 🙏🙏🙏",डीज़ल पेट्रोल तो क्या चप्पल अंदरवेयर तक महंगा हो जायेगा ना नंगे पैर रह लेंगे   पर वोट   बीजेपी को ही देंगे 🌹🌹🌹     वोट फोर बीजेपी   🌹🌹🌹   🙏🙏🙏    जय श्री राम     🙏🙏🙏,"Diesel petrol to kya chappal underwear tak mahenga ho jayega na, nange pare reh lenge par vote BJP ko hi denge 🌹🌹🌹 Vote for BJP 🌹🌹🌹 🙏🙏🙏 Jay shri ram 🙏🙏🙏",train_quarantine,contrastive,0.9563,1,0.9,0.9698,hard_aug
synth-train-12689-paraphrase,train,0,Sala hell ho gaya,साला नरक हो गया,Sala naraka ho gaya,train_quarantine,paraphrase,0.6677,0,0.8,0.9899,hard_aug
synth-train-4775-obfuscation,train,0,L@uda abk1 bar Akhilesh Sarkar hogi,लौड़ा  अबकी बार अखिलेश सरकार,Lauda abki bar Akhilesh Sarkar hogi,train_quarantine,obfuscation,0.8378,0,0.9,0.2453,hard_aug
synth-train-2053-paraphrase,train,1,"Abhi Chhattisgarh mein Bhindy ki visa bhej do, Ambikapur wala village jeetne wala hai. Yeh to zor wali bhindy hai, nahi bhejo to soch le.",भिंडी की वीजा को अभी छत्तीसगढ़ में भेजा जाए विलेजअंबिकापुर क्या जोरदार भिंडी है नहींभेजिएगा तो सोच लीजिए,"Bhindy ki visa ko abhi Chhattisgarh mein bheja jaye, village Ambikapur ko jeetna padega. Bade zor wali bhindy hai. Nahi bhejoge to soch le.",train_error,paraphrase,0.7651,1,0.85,0.7489,hard_aug
synth-train-11516-paraphrase,train,1,"Aap hindu ho hi, kisne pucha to aapko prove karna zaroori nahi hai",अआप हिनदु हो हा होकीसने पुछा तै आपकै साबीत कर नेकी जरूरत नहीं है,"Aap hindu ho ha ha, kisine pucha to aapko saabit karne ki zaroorat nahi hai",train_error,paraphrase,0.7289,1,0.9,0.0366,hard_aug
synth-train-15108-paraphrase,train,0,Chalta hu mere la.nd ke beej leke,चलता हु मेरे लं_ड के बाल,Chalta hu mere la.nd ke baal,train_quarantine,paraphrase,0.7986,0,0.95,0.0133,hard_aug
synth-val-881-paraphrase,train,1,To kusanti mat karo 😂😂,तो कुसंती करलो😂😂,To kusanti karlo 😂😂,val_error,paraphrase,0.7337,1,0.9,0.9882,hard_aug
synth-train-6851-obfuscation,train,0,"Jo apna phone numbar likha hai, uski l0rde ka n@ap le lo",जिसने अपना फोन नंबर लिखा है मेरे लोड़े का नाप ले लो,"Jo apna phone number likha hai, uski lorde ka naap le lo",train_quarantine,obfuscation,0.8422,0,0.95,0.128,hard_aug
synth-val-3802-mix_hindi_heavy,train,1,Nehru ji wahi kee mujhe diya gaya hai. 🤣🤣,नेहरू जी वह चाबी मुझे दे गए। 🤣🤣,Nehru ji wahi key mujhe di gayi. 🤣🤣,val_error,mix_hindi_heavy,0.7218,1,0.95,0.0349,hard_aug
synth-train-8063-paraphrase,train,0,"Nangi ho k naache le behen, roshanki name apne mummy papa ka chudail kahin kr rha hai",नंगी हो कर नाच ले बहन््् ठीक नाम रोशन कर रही है अपने मम्मी पापा का चुड़ैल कहीं कि,"Nangi ho kar naache le behen, roshanki name roshan karta hai apne mummy papa ka chudail kahin ki",train_quarantine,paraphrase,0.864,0,0.95,0.9965,hard_aug
synth-val-3456-paraphrase,train,1,Sofe ke saamne wala hole dik raha hai,सोफे के सामने वाले होल से दिख रहा है,Sofe ke saamne wale hole se dik raha hai,val_error,paraphrase,0.8932,1,0.95,0.9667,hard_aug
synth-val-1252-mix_hindi_heavy,train,1,"Bolo na jaane to duty ke waqt ho raha hai, tab duty ki shama ko hi baat hogi 3:04 ke around, isliye to bhi batana na.",बोलो ना जाने तो ड्यूटी के समय हो रहा है फिर ड्यूटी की शाम को ही बात होगी 3:04 बजे के आसपास इसलिए तो भी बताओ ना,"Bolo na jaane to duty ke time ho raha hai, tab duty ki sham ko hi baat hogi 3:04 ke around, isliye to bhi batana na",val_error,mix_hindi_heavy,0.9347,1,0.9,0.0995,hard_aug
synth-train-17071-paraphrase,train,1,"Hamesha socho ki jawan aur kisan hi hain jo hamen saara kaam karte hain, warna to kya hoga? Agar unhone kaam band kardia to kya hoga?","हमारा देश सिर्फ जवानो और किसानो के कारण सुरक्षित है, जरा सोचिए अगर इन् दोनों ने काम करना बंद कर दिया तो क्या होगा ??","Hamara desh sirf jawano aur kisanon ke karan surakshit hai, jarah socho agar in dono ne kaam karna band kar diya to kya hoga??",train_error,paraphrase,0.6006,1,0.9,0.0678,hard_aug
synth-train-9121-contrastive,train,0,"Tujhe gupchup jagah ke sab kuch pata hai, bas rang gora hone se sab kuch nahi hota. Tere shape ki chutdi hai aur rehigi bhi aisi hi. Apni galti pe mat royo, tujhe to yehi accha lagta hai.",तुझे गुप्त जगह केे बारे में सब पता है| केवल रंग गोरा होने से सब कुछ नहीं होता शक्ल तेरी चुतड सी है और रहेगी भी वैसी,"Tujhe gupchup jagah ke sab kuch pata hai, bas rang gora hone se sab kuch nahi hota. Tere shape ki chutdi hai aur rehigi bhi aisi hi.",train_error,contrastive,0.8977,0,0.9,0.022,hard_aug
synth-train-1234-obfuscation,train,0,Mar gaye s@b ke s@b,मर गए सब के सब,Mar gaye sab ke sab,train_quarantine,obfuscation,0.5556,0,0.8,0.0251,hard_aug
synth-train-14314-contrastive,train,0,"Bolo do pagal, humein man mein na rakho kuch bhi.",बोल दो पागल हमें भी मन मैं ना राखिए कुछ भी।,"Bolo do pagal, humein bhi man mein na rakho kuch bhi.",train_error,contrastive,0.9512,0,0.85,0.2192,hard_aug
synth-val-18-obfuscation,train,0,"Aapko pata hai ch@dna kise jata hai, b@h@on mein bhare ch@dne ka bharpur anand lena",आप को पता है छेड़ा किसे जाता है बाहों में भर कर छेड़ने का भरपुर आनंद लेना,"Aapko pata hai chedna kise jata hai, bahun mein bhare chedne ka bharpur anand lena",val_error,obfuscation,0.8387,0,0.95,0.0124,hard_aug
synth-train-9465-paraphrase,train,0,"Ye ladne wale Modi se kam hi ladne wale hai. Modi to har second mein krore paise insaan ke jeb se loot raha hai. Petrol ke rate badhakar, khane pine wala sab kuch dam badhakar, har cheez mei dam badhne ka insaaf karte raha hai.","यह लूटने वाले मोदी से कम ही लूटने वाले हैं। मोदी तो हर सेंकड में करोड़ों रुपया इंसान के जेब से लूट रहा है। पेटोल की कीमत बड़ा कर,खाने पीने की समान के दाम बड़ा कर हर चीज़ में दाम बड़ा कर","Ye lootne wale Modi se kam hi lootne wale hai. Modi to har second mein karoor rupee insaan ke jeb se loot raha hai. Petrol kee keymat badhakar, khane pine ke saman ke dam badhakar har cheez mein dam badhakar",train_quarantine,paraphrase,0.8182,0,0.85,0.6072,hard_aug
synth-train-1018-paraphrase,train,0,"Isse bekar sexy video banake dekho tum, yeh bhi koi umar hai, budhi hai kya",इससे बढ़िया सेक्सी वीडियो बना लो तुम यह भी कोई उम्र है क्या बुड्ढी,"Isse behtar sexy video banake dekho tum, yeh bhi koi umar hai, budhi hai kya",train_quarantine,paraphrase,0.9591,0,0.95,0.9916,hard_aug
synth-train-8367-paraphrase,train,1,Sap ko machli aur tota doodh nahi pite hai pagal 😄,सॉप को  मछली और तोता दुध नहि पुते है pagal😄,Sap ko machli aur tota doodh nahi pite hai pagal😄,train_error,paraphrase,0.9515,1,0.9,0.9532,hard_aug
synth-val-2793-mix_hindi_heavy,train,1,"Je bahot achha kiya hai Modi sir ne, ab inki aukat pata chalega",जी bahot अच्छा किय है मोदी सिर ने अब इनकी औकात पता चल जाएगी,"Je bahot accha kiya hai Modi sir ne, ab inki aukat pata chalegi",val_error,mix_hindi_heavy,0.922,1,0.85,0.9926,hard_aug
synth-train-17341-obfuscation,train,0,"Agar kisi m d@am ha to annadatao k@ ha@th laga ke dikhaaye, jiske ha@th lagaaya uska parinam d@ekho h@ liya h@ga L@cknaw m@","अगर किसी में दम है तो अन्नदत्ताओ को हाथ लगा कर दिखाए , जिसने हाथ लगाया उसका परिणाम देख ही लिया होगा लखीमपुर मे","Agar kisi me dam hai to annadatao ko haath laga ke dikhaye, jiske haath lagaaya uska parinam dekho hi liya hoga Lucknow me",train_quarantine,obfuscation,0.7416,0,0.9,0.7204,hard_aug
synth-train-1685-obfuscation,train,0,"Saram karo behn@,","सरम करो बहनों,,","Saram karo behno,",train_error,obfuscation,0.8235,0,0.9,0.0146,hard_aug
synth-train-16635-mix_english_heavy,train,0,"Rajasthan kab jaa raha ho aul babba wahan par bhi to kisanon pe lathi charge hua hai to phir kyun aap andhakasur bane jaa raha ho. Public sab dekh rahi hai tum logo ki drama. Ye naya Bharat hai sab jaanta hai, tumhe sabka lesson milega. Why are you acting like a demon again? Everyone is watching your act. You'll get your lesson soon.",राजस्थान कब जा रहे हो आउल बाबा वहां पर भी तो किसानों पर लाठीचार्ज हुआ है तो फिर क्यों आप अंधकासुर बने जा रहे हो। पब्लिक सब देख रही है तुम लोगों की नौटंकी। ये नया भारत है सब जानता है तुम्हें सबक सिखाया जाएगा ।,Rajasthan kab jaa raha ho aul babba wahan par bhi to kisanon par lathi charcha hua hai to phir kyun aap andhakasur banke jaa raha ho. Public sab dekh rahi hai tum logo ki nauntanki. Ye naya bharat hai sab jaanta hai tumhe sabka sikha padege,train_quarantine,mix_english_heavy,0.7725,0,0.85,0.9522,hard_aug
synth-train-8404-obfuscation,train,0,Jyoti meri j@ng par bethe j@o aao 🍌🍌💋💋,ज्योति मेरी जांघ पर बैठ जा आकर 🍌🍌💋💋,Jyoti meri thigh par beth jao aao 🍌🍌💋💋,train_error,obfuscation,0.675,0,0.9,0.2082,hard_aug
synth-train-2511-mix_english_heavy,train,0,"Manga jo bosa bolaye o bade pride se, feel shame...!! Abhi namaz se aya he",مانگا جو بوسا بولے برے ناز سے 😙😍 شرم کیجئے...!! ابھی فارغ ہوئے نماز سے मांगा जो बोसा बोले बडे नाज से| शर्म किजीऐ अभी फारीग हूऐ हे नमाज से,"Manga jo bosa bolaye bade naaz se, shame kijiye...!! Abhi faraag hue he namaz se",train_quarantine,mix_english_heavy,0.6908,0,0.85,0.0283,hard_aug
synth-val-3899-paraphrase,train,0,"Aurat ke seal jo ek baar toot jaye jo nahi jod sakti, woh hi nahi jod sakti.",औरत की है सील जो एक बार टूट जाए जो जोड़ नहीं सकती,"Aurat ki seal jo ek baar toot jaye woh jo nahi sakti, woh jo nahi sakti.",val_error,paraphrase,0.8034,0,0.9,0.0664,hard_aug
synth-val-4584-obfuscation,train,0,Aisi baatein mat karo hamara n.na khada hoga to ham kahan jaayenge,ऐसी बातें मत करो हमारा नन्नू खड़ा होगा तो हम कहां जाएंगे,Aisi baatein mat karo hamara nanna kharda hoga to ham kahan jaayenge,val_error,obfuscation,0.9201,0,0.8,0.0484,hard_aug
synth-val-2340-mix_english_heavy,train,1,Suna hai ab wo school mein padha rahi hai aur maine name wale baccho ko bechain ka cutti hai 😂,"सुना है कि अब वो स्कूल में पढ़ाती है,  और मेरे नाम वाले बच्चे को बिना मतलब के कूटती है 😂","Suna hai ki ab vo school mein padha rahi hai, aur meri name wale bacche ko bechain ka kutti hai 😂",val_error,mix_english_heavy,0.8528,1,0.8,0.931,hard_aug
synth-val-5405-obfuscation,train,0,Aap g@nda gane pr v@deo mt banaiey3,आप गंदा गाने पर वीडियो मत बनाइए,Aap ganda gaane par video mat banaiye,val_error,obfuscation,0.5955,0,0.9,0.0568,hard_aug
synth-train-13498-obfuscation,train,0,"Bh@d me jaye tere pyar, jab zaroor@t h@i t@b b@at karna zaroor@t khatam, b@at khatam",भाड मे जाये तेरा प्यार जब जरुरत है तब बात करना जरुरत खतम बात खतम,"Bhad me jaye tere pyar, jab zaroorat hai tab baat karna zaroorat khatam, baat khatam",train_quarantine,obfuscation,0.7486,0,0.85,0.0108,hard_aug
synth-val-2713-obfuscation,train,0,Kam se kam k@ne k@ bhi nahi h@i,कम से कम काने को नहीं है,Kam se kam kane ko bhi nahi hai,val_error,obfuscation,0.7729,0,0.85,0.0259,hard_aug
synth-train-9535-obfuscation,train,0,"Sawali ho lekin baki bahut sundar ho darling, humse dosti karo to main aapko number deta hu - no 111 z@ro do bar t33n eik 3 8",सांवली हो बाकी बहुत सुंदर हो डार्लिंग हमसे दोस्ती करोगी मैं आपको नंबर देता हूं नो 111 जीरो दो बार तीन एक 3 8,"Sawali ho lekin baki bahut sundar ho darling, humse dosti karo to main aapko number deta hu - no 111 zero do baar teen ek 3 8",train_error,obfuscation,0.9262,0,0.8,0.0207,hard_aug
synth-train-17011-paraphrase,train,0,Mujhe ye samajh a gaya ki inke jaise like karte wale aur bhi log hai jo agar ka paagal khana janne wale hai.,मुझे ये समज आ गया की इनके जैसे like करने वाले और भी बहुत लोग है जिनको आगरा का पागल खाना जाना चाहिए,Mujhe ye samajh a gaya ki inke jaise like karte wale aur bhi log hai jo agar ka paagal khana janne wale hai,train_error,paraphrase,0.9885,0,0.85,0.3027,hard_aug
synth-val-4169-paraphrase,train,1,"Arey, toh kaisi video mein download hoti hai jab aap itna mast khana banti ho?",अरे बहुत मस्त खाना बनाती है तो कैसी वीडियो में डाउनलोड की जाती है,"Arey, bahut mast khana banti hai toh kaisi video mein download hoti hai?",val_error,paraphrase,0.8217,1,0.95,0.0242,hard_aug
synth-val-5287-obfuscation,train,0,"He Ishwar ye kya h0 rahi hai, beti pita ke saath kis g@ne par d@nc3 karta hai, kuch t0 b@t@ bh@i!",हे ईश्वर यह क्या होने लग गया है बेटी पिता के साथ किस गानों पर डांस कर रही है,"He Ishwar ye kya ho raha hai, beti pita ke saath kis gane par dance karta hai, kuch toh bata bhai!",val_error,obfuscation,0.7779,0,0.85,0.7246,hard_aug
synth-train-18933-obfuscation,train,0,"Haath lagao na m3r3 jism par, ab tak m3r3 kisi ne nahi li@ h@i",हाथ लगाओ ना मेरे जिस्म पर अभी तक मुझे किसी ने लिया नहीं है,"Haath lagao na mere jism par, ab tak meri kisi ne nahi liya hai",train_error,obfuscation,0.6853,0,0.9,0.0769,hard_aug
synth-train-19920-paraphrase,train,0,"Chhipkali ka naam kyun berozgar kr rahi ho? Chhipkali to in se zyada sundar hai, aur thappad se inke gale mein lalai lag rahi hai aur kachhua jaise shape hai.",छिपकली का नाम क्यों बर्बाद कर रही हो छिपकली तो इनसे सुंदर है और थप्पड़ से इनके गालों  में लाली लग रही है और कछुए जैसी शक्ल है,Chhipkali ka naam kyun berozgar kar rahi ho? Chhipkali to inse sundar hai aur thappad se inke gale mein lalai lag rahi hai aur kachhua jaise shape hai.,train_error,paraphrase,0.951,0,0.85,0.1635,hard_aug
synth-val-3844-mix_hindi_heavy,train,1,"Main kuch na khareedne gayi thi, Pooja bhabhi ne unke baccho ke liye kapade lekar aayi hai.",मेरी कुछ खरीदने नहीं गई थी पूजा भाभी ने उनके बच्चों के लिए कपड़े लेकर आई है,"Main kuch nahi khareedne gayi thi, Pooja bhabhi ne unke baccho ke liye clothes lekar aayi hai",val_error,mix_hindi_heavy,0.8726,1,0.95,0.6628,hard_aug
synth-val-3653-mix_hindi_heavy,train,1,"Karma karte raho, fal ki chinta mat karo. Kya pata upar wale ne aapke liye juice ka arrangement kar rakha ho. 😂😂😂😂",कर्म करते रहो फलों की चिंता मत करो क्या पता ऊपर वाले ने आपके लिए जूस का इंतजाम कर रखा हो। 😂😂😂😂,"Karma karte raho, phal ki chinta mat karo. Kya pata upar wale ne aapke liye juice ka arrangement kar rakha ho. 😂😂😂😂",val_error,mix_hindi_heavy,0.9779,1,0.95,0.942,hard_aug
synth-train-288-obfuscation,train,0,"Kalap@ni ki s@z@ hui thi Savarkar ji ko, 2 ba@r umr kaid hui thi unko 🙏🙏 namnam hai unko, itna bata do Ambedkar ne kya kiya 😂 azaadi ke liye kisi bhi andolan ya satyagrah mein nahi dikha","काला पानी की सजा हुई थी सावरकर जी को, 2 बार उम्र कैद हुई थी उनको 🙏🙏 नमन है उनको, इतना बता दे अम्बेडकर ने क्या किया 😂 आजादी के लिए किसी भी आंदोलन तथा, सत्याग्रह में नही दिखा","Kalapani ki saza hui thi Savarkar ji ko, 2 baar umar kaad hui thi unko 🙏🙏 namnam hai unko, itna bata do Ambedkar ne kya kiya 😂 azaadi ke liye kisi bhi andolan ya satyagrah mein nahi dikha",train_error,obfuscation,0.9352,0,0.85,0.9676,hard_aug
synth-train-3094-paraphrase,train,0,Chupke chupa lo bra ke kadam ko,ब्रा की कदम को छुपा लो,Bra ke kadam ko chupa lo,train_quarantine,paraphrase,0.8825,0,0.85,0.038,hard_aug
synth-val-4776-mix_english_heavy,train,1,"Hindu ya Muslim, Muslim ki bike chal rahi hai",हिंदू या मुसलमान । मुस्लिम का चलता हैं,"Hindu ya Muslim, Muslim ka chalta hai",val_error,mix_english_heavy,0.7867,1,0.8,0.24,hard_aug
synth-val-3711-paraphrase,train,0,"Sali youdna chahti thi, jo hua uski to achha hua.",Sali   उड़ना चाहते थी जो हुआ अच्छा ही हुआ,"Sali udna chahati thi, jo hua uski toh achha hua.",val_error,paraphrase,0.8545,0,0.8,0.9195,hard_aug
synth-val-5364-obfuscation,train,0,Jute se m@sjid band ho jaye wahi achha,जूतियां मस्जिद बंद हो जाए वही अच्छा,Jute se masjid band ho jaye wahi achha,val_error,obfuscation,0.9211,0,0.9,0.01,hard_aug
synth-train-1373-paraphrase,train,1,"😂😂 Corona ke saamne aaj pucha ""Tu sabko ghar aur sabki shadi mein to jata hai par chunav mein kyun nahi jata?"" to woh be-sharm kehta hai ke ""Main abhi 18 saal ka kahan hoon...?"" 😂😂😷😷🤦🏼‍♀️🤦🏼‍♀️ Funny joke by Vivek","😷😷😂😂 आज कोरोना को पूछा ""तू सबके घर में और सबकी शादी में जाता है पर तू चुनाव में क्यों नहीं जाता"" तो बेशर्म कहता है कि  ""मैं अभी अठारह साल का कहाँ हुआ हूं...?""  😂😂😷😷🤦🏼‍♀️🤦🏼‍♀️  Funny jokes Vivek","😂😂 Aaj Corona ko pucha ""Tu sabke ghar aur sabki shadi mein jaata hai par tu chunav mein kyun nahi jaata?"" to woh be-sharm kehta hai ke ""Main abhi 18 saal ka kahan hua hoon...?"" 😂😂😷😷🤦🏼‍♀️🤦🏼‍♀️ Funny jokes Vivek",train_error,paraphrase,0.9085,1,0.95,0.3854,hard_aug
synth-train-972-obfuscation,train,0,Itta jh@t bhi kahi chalta kya......hmare dil pr kya beet rh rhi hogi y ch*mre baat sunke......😥,इत्ता झूट भी कही चलता क्या......हमारे दिल पर क्या बीत रही होगी ये तुम्हारी बाते सुनकर......😥,Itta jhoot bhi kahi chalta kya......hamare dil par kya beet rahi hogi ye tumhare baate sunker......😥,train_error,obfuscation,0.8456,0,0.9,0.5307,hard_aug
synth-train-13776-obfuscation,train,0,Kuch bhi ho lekin nikah mein halaala zarur chh@pa hota hai. Punjabi mein bolte to nikah di beech halaala chh@pi hundi si 😜😜😜😜😂,कुछ भी हो लेकिन निकाह में हलाला जरुर छिपा होता है। पंजाबी में बोले तो निकाह दे बिच हलाला छुपी हुंदी सी😜😜😜😜😂,Kuch bhi ho lekin nikah mein halaala zarur chhupa hota hai. Punjabi mein bolte to nikah di beech halaala chhupi hundi si 😜😜😜😜😂,train_quarantine,obfuscation,0.9485,0,0.85,0.0319,hard_aug
synth-train-19260-mix_hindi_heavy,train,1,"Ghamand kisi ka nahi raha, toote se pehle, gullak ko bhi yehi laga tha ki sare paise uske he. 😏😏","घमंड किसी का नहीं रहा, टूटने से पहले, गुल्लक को भी यही लगता था की सरे पैसे उसके हे।😏😏","Ghamand kisi ka bhi nahi raha, toote se pehle, gullak ko bhi yehi laga tha ki sare paise uske he. 😏😏",train_error,mix_hindi_heavy,0.9757,1,0.9,0.3253,hard_aug
synth-train-5314-paraphrase,train,0,"Pagle aurat kya betuke baatein kar rahi hai, Nawaz galat shabd hai. Om sabse bada hai, isse bada kisi kaun hai? Jo Om naam ko yaad karta hai uska mukti ho jata hai. Jai Shri Ram.",पागल औरत क्या बेतुकी बातें कर रही हैं नवाज शब्द गलत है ओम नाम सबसे बड़ा इससे बड़ा ना कोई जो ओम नाम का सुमिरन करें उसकी मुक्ति होए जय श्री राम,"Pagal aurat betuke baatein kyu kar rahi hai, Nawaz shabd galat hai. Om naam sabse bada hai, isse bada koi nahi. Jo Om naam ka sumiran karta hai uski muktai ho jati hai. Jai Shri Ram.",train_quarantine,paraphrase,0.8672,0,0.9,0.9016,hard_aug
synth-train-11300-obfuscation,train,0,"S@llu nahi, l@llu lag raha hai",सल्लू नही लल्लू लग रहा है,"Sallu nahi, lallu lag raha hai",train_quarantine,obfuscation,0.7841,0,0.9,0.0783,hard_aug
synth-train-11467-obfuscation,train,0,"Beti l@dkon s3 aham h0ti h@, h@r k@am m3 beti k0 p3ar karna. Kuch s@my aapk3 s@th rhiti h@, phir d0sre k3 ghar ch@li j@ti h@i.",बटी लडको से अहम होती है हर काम में बटी को प्यार करना कुछ समय आपके साथ रहती है फिर दूसरे की घर चली जाती हैं,"Beti ladkon se aham hoti hai, har kam me beti ko pyar karna. Kuch samay aapke saath rehti hai, phir dusre ke ghar chali jati hai.",train_quarantine,obfuscation,0.5668,0,0.85,0.066,hard_aug
synth-train-16465-obfuscation,train,0,Lund kh@da hota hai aise video se,लण्ड खडा हो जाता है ऐसे विडीयो से,Lund khada hota hai aise video se,train_quarantine,obfuscation,0.9189,0,0.95,0.0084,hard_aug
synth-val-2583-paraphrase,train,1,Kale suit pahaney vale ko nazar kahan lagti hai yeh dekh lo,काले सूट पहनने वाले को नजर कहां लगती है,Kale suit pahane wale ko nazar kahan lagti hai,val_error,paraphrase,0.8365,1,0.9,0.9525,hard_aug
synth-train-19260-paraphrase,train,1,"Confidence kisi ka bhi nahi hai, pehle tootne se pehle, gullak bhi soch raha tha ki sab paise uske he. 😏😏","घमंड किसी का नहीं रहा, टूटने से पहले, गुल्लक को भी यही लगता था की सरे पैसे उसके हे।😏😏","Ghamand kisi ka bhi nahi raha, toote se pehle, gullak ko bhi yehi laga tha ki sare paise uske he. 😏😏",train_error,paraphrase,0.7277,1,0.9,0.0102,hard_aug
synth-val-3499-mix_hindi_heavy,train,1,100% sahi hai aaj ke zamaane ke hisaab se par sharm aur ljjah hi aurat ke gahna hai jo har ek ko pasand hai,१००% सही है आज के जमाने के हिसाब से पर शर्म लज्जा ही औरत का वो गहना है जो हर एक को पंसद है,100% sahi hai aaj ke zamaanay ke hisaab se par sharm lajjah he aurat ka vo gahnaa hai jo har ek ko pasand hai,val_error,mix_hindi_heavy,0.882,1,0.9,0.976,hard_aug
synth-train-12414-paraphrase,train,1,Petroldiesel band karo pehle yeh jaqo ki country me coal ab bhi itna hai 😂😂😂,"पेट्रोल डीज़ल छोड़ो, पहले ये पता करो देश में कोयला कितना बचा है 🤣🤣🤣","Petroldiesel chodho, phle to yeh pata karo ki desh me coal kitna bacha hai 😂😂😂",train_error,paraphrase,0.575,1,0.95,0.8721,hard_aug
synth-train-18767-paraphrase,train,1,Sawariya ke bhakton se jada to nahi dekha hota tha,सांवरिया रा भक्तों जेड़ा तो नहीं देखा होता थे,Sawariya ra bhakton jeda to nahi dekha hota the,train_error,paraphrase,0.7776,1,0.9,0.0949,hard_aug
synth-train-7886-mix_hindi_heavy,train,1,"Yar, ye toh fake aur nakhli hai",फेक है नकली है यार,"Fake hai, nakhli hai yaar",train_error,mix_hindi_heavy,0.567,1,0.9,0.9671,hard_aug
synth-train-296-paraphrase,train,0,Poonam ji mera raj ka ling de do,पुनम जी मुझे राज का लिंग सेड करों,Poonam ji mujhe raj ka ling send karo,train_quarantine,paraphrase,0.6228,0,0.95,0.0154,hard_aug
synth-train-16852-mix_hindi_heavy,train,1,Modi ji ne nale se gas ki jab bola tha sab mazak kar rhe the aaj ye sahi sabit ho gaya,मोदी जी ने नाले से गैस की जब बोला था सब मजाक बना रहे थे आज ये सत्य साबित हो गया,Modi ji ne nalle se gas ki jab bola tha sab mazak banar rhe the aaj ye sahi sabit ho gaya,train_error,mix_hindi_heavy,0.9489,1,0.85,0.0936,hard_aug
synth-train-8224-paraphrase,train,0,Tu nangi ho kar 4 ke liye 10 million gaiye video banaega?,नंगी होकर वीडियो बनाएगी 4 क्या 10 मिलियन गै,Nangi ho kar video banaega 4 ke liye 10 million gaiye,train_quarantine,paraphrase,0.9158,0,0.95,0.9969,hard_aug
synth-train-15509-paraphrase,train,0,Nahin chupna hai to apne papa ko bhi de do.,नहीं छूपना है तो अपने पापा को भी दे दो,Nahin chupna hai to apne papa ko bhi de do,train_quarantine,paraphrase,0.9648,0,0.85,0.0363,hard_aug
synth-val-6037-paraphrase,train,1,"Kya subh lgti ho, badi si sundar dikhti ho..............har sapne jaise lg jate ho hee",क्या खुब लगती हौ  बडी सुंदर दिक्ती hoo ...................हर सप्न षा लगता heee,"Kya khub lgti ho, badi sundar dikhti ho...............har sapna wala lgti heee",val_error,paraphrase,0.8994,1,0.95,0.0122,hard_aug
synth-train-11878-paraphrase,train,0,Kabhi nahi khaya kutti ne,कभी नही खाया कुत्तो ने,Kabhi nahi khaaya kutto ne,train_quarantine,paraphrase,0.8422,0,0.8,0.5175,hard_aug
synth-train-9502-paraphrase,train,0,"Beta bhaiya, aap to bacche ho... aise video na bano, samajh gyi... mummy papa ko pata chala to aapko bhi bata dunga.",बेटा भैया बच्चे हो आप ऐसे वीडियो मत बनाया करो समझी मम्मी पापा को बता दूंगी आपके,"Beta bhaiya, aap log beechore ho, aise video mat banao, samajh gyi, mummy papa ko pata chala toh aapko bata dungii",train_quarantine,paraphrase,0.7457,0,0.8,0.007,hard_aug
synth-val-1616-mix_hindi_heavy,train,1,Teacher (baccho se) behen apni punch kyun hilaati hai? Bachcha teacher se kyunki punch behen ko nahi hila skti hai?,👩‍🏫‍  टीचर (बच्चा से) भैंस अपनी पुंछ क्यों🤔                                    हिलाती है|🤔         बच्चा 👩‍🎓 (टीचर से) क्योंकी पुंछ भैंस को नही                           हिला सकती है|                                     🤣🤣🤣🤣,Teacher (bachche se) behen apni punch kyun hilaati hai? Bachcha teacher se kyunki punch behen ko nahi hila sakti hai?,val_error,mix_hindi_heavy,0.9598,1,0.9,0.7495,hard_aug
synth-train-4069-obfuscation,train,0,Sirf teree jaise cham.cha cham.chi ban.nay keliye,सिर्फ  तेरे जैसी  चमचा  चमची  बनने के  लिये,Sirf tere jaisa chamcha chamchi bane ke liye,train_quarantine,obfuscation,0.6565,0,0.85,0.0442,hard_aug
